DATE,TIME,DATETIME,TANK_NUM,TREATMENT,TEMPINSITU,TEMPINLAB,SALINITY,FLOW_LEFT,FLOW_RIGHT,residence_time,flowrate,TA,pH,DIC_umol_kg,DOC,pH_inflow,TA_inflow,DIC_inflow,DOC_inflow,deltapH,deltaTA,deltaDIC,deltaDOC,NEC,NEP,Notes
2024-06-02,12:00:00,2024-06-02T12:00:00Z,1,Algae_Dom,29.5,28.571,36.6,114,82,0.8503401360544216,3.2666666666666666,2308.968,8.255712110654017,1804.385576063748,215.527266,8.024367772171592,2355.042,2015.7582612525775,146.0891816,0.2313443384824243,46.07400000000007,211.37268518882956,69.43808440000001,0.5485195022222231,NA,Flow read as 0
2024-06-02,15:00:00,2024-06-02T15:00:00Z,1,Algae_Dom,29,28.31,36.4,NA,NA,NA,NA,NA,8.14212226969121,NA,NA,8.043323656191033,NA,NA,NA,0.09879861350017727,NA,NA,NA,NA,NA,NA
2024-06-02,18:00:00,2024-06-02T18:00:00Z,1,Algae_Dom,28.6,27.76,36.4,202,260,0.3607503607503607,7.7,2370.89,8.012972776183116,2041.9107577699606,118.2612171,8.047156502599965,2326.905,1980.529556826587,103.9406529,-0.03418372641684897,-43.98499999999967,-61.38120094337364,14.320564199999993,-1.2343168444444352,-2.21066895783522,NA
2024-06-02,21:00:00,2024-06-02T21:00:00Z,1,Algae_Dom,28.5,26.35,36.4,NA,NA,NA,NA,NA,8.005317981644595,NA,NA,8.053264358408311,NA,NA,NA,-0.047946376763716714,NA,NA,NA,NA,NA,NA
2024-06-03,00:00:00,2024-06-03T00:00:00Z,1,Algae_Dom,28.2,25.597,36.4,78,146,0.744047619047619,3.7333333333333334,2366.852,7.989170054650201,2056.794761532506,158.1423231,8.051498166863787,2363.69,2014.5227143064,322.0794791,-0.06232811221358592,-3.161999999999807,-42.272047226106,-163.93715600000002,-0.04302193777777515,-1.1072787488135063,NA
2024-06-03,06:00:00,2024-06-03T06:00:00Z,1,Algae_Dom,28,26.072,36.4,40,80,1.3888888888888888,2,2358.64,7.975172981616652,2059.60847008149,84.54128402,8.026027760005318,2343.007,2013.2579869185145,NA,-0.05085477838866659,-15.63299999999981,-46.35048316297548,NA,-0.1139471999999986,-0.5617398434424883,NA
2024-06-03,09:00:00,2024-06-03T09:00:00Z,1,Algae_Dom,28.7,26.893,37,NA,NA,NA,NA,NA,7.995085891015726,NA,NA,8.038157393089975,NA,NA,NA,-0.043071502074249146,NA,NA,NA,NA,NA,NA
2024-06-03,12:00:00,2024-06-03T12:00:00Z,1,Algae_Dom,28.8,25.514,36.4,NA,NA,NA,NA,NA,8.067143794429334,NA,NA,8.042546836653036,NA,NA,NA,0.024596957776298112,NA,NA,NA,NA,NA,NA
2024-06-04,12:00:00,2024-06-04T12:00:00Z,1,Algae_Dom,29.3,27.238,36.3,NA,NA,NA,NA,NA,8.060818482779197,NA,97.33404381,7.980346003757236,NA,NA,92.17197998,0.08047247902196109,NA,NA,5.162063829999994,NA,NA,NA
2024-06-05,12:00:00,2024-06-05T12:00:00Z,1,Algae_Dom,29.1,27.087,36.3,NA,NA,NA,NA,NA,8.060099164814327,NA,NA,7.971666824235446,NA,NA,NA,0.08843234057888072,NA,NA,NA,NA,NA,Very sunny and hot today
2024-06-05,21:00:00,2024-06-05T21:00:00Z,1,Algae_Dom,28.5,27.127,36.7,NA,NA,NA,NA,NA,7.986466636557144,NA,NA,8.008567191803229,NA,NA,NA,-0.022100555246084674,NA,NA,NA,NA,NA,NA
2024-06-06,12:00:00,2024-06-06T12:00:00Z,1,Algae_Dom,28.9,27.045,36.9,1675,440,0.07880220646178092,35.25,2351.467,8.025766602841026,2009.347252782104,167.8544964,7.999947225554922,2301.299,1982.5978343942352,164.5241326,0.02581937728610395,-50.16800000000012,-26.7494183878689,3.3303637999999864,NA,-0.4279014977897688,NA
2024-06-06,21:00:00,2024-06-06T21:00:00Z,1,Algae_Dom,28.5,27.965,36.4,218,600,0.20374898125509372,13.633333333333333,2331.006,8.080321709840577,1963.3774471938646,106.84362,8.081450291612063,2354.9,1982.8173954830716,NA,-0.0011285817714856705,23.894000000000233,19.439948289206995,NA,NA,0.7445881473286529,NA
2024-06-07,12:00:00,2024-06-07T12:00:00Z,1,Algae_Dom,29.1,28.201,36.4,NA,NA,NA,NA,NA,8.063443074959428,NA,NA,8.019476284138372,NA,NA,NA,0.04396679082105592,NA,NA,NA,NA,NA,NA
2024-06-07,21:00:00,2024-06-07T21:00:00Z,1,Algae_Dom,28.9,27.251,36.4,NA,NA,NA,NA,NA,8.010262603894871,NA,NA,8.018528283776055,NA,NA,NA,-0.008265679881183985,NA,NA,NA,NA,NA,NA
2024-06-08,12:00:00,2024-06-08T12:00:00Z,1,Algae_Dom,28.6,27.071,36.4,NA,NA,NA,NA,NA,8.007602333968064,NA,NA,8.004218107348636,NA,NA,NA,0.0033842266194277215,NA,NA,NA,NA,NA,Overcast/rain
2024-06-08,21:00:00,2024-06-08T21:00:00Z,1,Algae_Dom,28.8,26.886,36.4,NA,NA,NA,NA,NA,7.972202176990075,NA,NA,8.017957561288961,NA,NA,NA,-0.045755384298885815,NA,NA,NA,NA,NA,NA
2024-06-09,12:00:00,2024-06-09T12:00:00Z,1,Algae_Dom,28.6,28.099,36.4,NA,NA,NA,NA,NA,8.052413821216755,NA,NA,7.968142993110272,NA,NA,NA,0.08427082810648301,NA,NA,NA,NA,NA,Overcast/rain
2024-06-09,21:00:00,2024-06-09T21:00:00Z,1,Algae_Dom,28.8,26.577,36.4,NA,NA,NA,NA,NA,7.977973416028165,NA,NA,7.9951304506635426,NA,NA,NA,-0.017157034635377322,NA,NA,NA,NA,NA,NA
2024-06-10,12:00:00,2024-06-10T12:00:00Z,1,Algae_Dom,28.6,27.678,36.4,NA,NA,NA,NA,NA,8.093048221321517,NA,NA,8.005325806335957,NA,NA,NA,0.08772241498556,NA,NA,NA,NA,NA,NA
2024-06-10,21:00:00,2024-06-10T21:00:00Z,1,Algae_Dom,28.7,25.642,36.4,NA,NA,NA,NA,NA,7.732497883667746,NA,NA,8.003845969614433,NA,NA,NA,-0.2713480859466877,NA,NA,NA,NA,NA,NA
2024-06-11,12:00:00,2024-06-11T12:00:00Z,1,Algae_Dom,27.7,27.565,36.4,196,150,0.48169556840077066,5.766666666666667,2366.802,8.106554592071523,1985.526864944687,298.5893134,8.010184285239403,2360.581,2039.9802667738347,83.2812964,0.09637030683212089,-6.221000000000004,54.45340182914765,215.30801699999998,-0.13074237925925933,2.419560033624559,NA
2024-06-11,21:00:00,2024-06-11T21:00:00Z,1,Algae_Dom,27.2,25.962,36.4,162,136,0.5592841163310962,4.966666666666667,NA,8.000446544285035,NA,109.1748746,8.044539918296229,NA,NA,109.2581337,-0.04409337401119373,NA,NA,-0.08325910000000647,NA,NA,NA
2024-06-12,21:00:00,2024-06-12T21:00:00Z,1,Algae_Dom,27.4,25.715,36.4,NA,NA,NA,NA,NA,8.001698823654865,NA,NA,8.041816171591535,NA,NA,NA,-0.0401173479366701,NA,NA,NA,NA,NA,NA
2024-06-13,12:00:00,2024-06-13T12:00:00Z,1,Algae_Dom,27.2,25.92,36.3,NA,NA,NA,NA,NA,7.874072703051447,NA,NA,8.0546644215497345,NA,NA,NA,-0.18059171849828726,NA,NA,NA,NA,NA,"Overcast, storming"
2024-06-13,21:00:00,2024-06-13T21:00:00Z,1,Algae_Dom,27.3,26.253,36.3,NA,NA,NA,NA,NA,8.031517410656917,NA,NA,8.054178802618383,NA,NA,NA,-0.022661391961465327,NA,NA,NA,NA,NA,NA
2024-06-14,12:00:00,2024-06-14T12:00:00Z,1,Algae_Dom,28.3,28.514,36.1,NA,NA,NA,NA,NA,8.1244216174673,NA,NA,8.044081034385364,NA,NA,NA,0.08034058308193615,NA,NA,NA,NA,NA,NA
2024-06-14,21:00:00,2024-06-14T21:00:00Z,1,Algae_Dom,27.3,26.273,36.3,NA,NA,NA,NA,NA,7.9509313340204075,NA,NA,8.074678608097239,NA,NA,NA,-0.12374727407683128,NA,NA,NA,NA,NA,NA
2024-06-15,12:00:00,2024-06-15T12:00:00Z,1,Algae_Dom,28.3,28.232,36,NA,NA,NA,NA,NA,8.141849801270094,NA,NA,8.045686045211598,NA,NA,NA,0.09616375605849647,NA,NA,NA,NA,NA,NA
2024-06-15,21:00:00,2024-06-15T21:00:00Z,1,Algae_Dom,27.6,26.429,36.1,NA,NA,NA,NA,NA,8.010244200750233,NA,NA,8.075885913649149,NA,NA,NA,-0.06564171289891618,NA,NA,NA,NA,NA,NA
2024-06-16,12:00:00,2024-06-16T12:00:00Z,1,Algae_Dom,28.1,28.104,36,122,234,0.4681647940074906,5.933333333333334,2357.963,8.06261250300388,2006.4456265487433,NA,8.045596537518659,2359.208,2006.5203464214983,89.6374344,0.01701596548522133,1.2449999999998909,0.0747198727549403,NA,0.026921511111108753,-0.02369007033264621,NA
2024-06-16,21:00:00,2024-06-16T21:00:00Z,1,Algae_Dom,27.7,24.01,36.1,218,100,0.5241090146750524,5.3,2359.093,8.009866866463815,2043.9403930480205,119.1944128,8.073453771153769,2354.242,1993.6190260425928,76.83218575,-0.06358690468995398,-4.850999999999658,-50.321367005427646,42.36222705,-0.09369975999999339,-1.8502705600496825,NA
2024-06-17,21:00:00,2024-06-17T21:00:00Z,1,Algae_Dom,27.4,26.588,36.2,NA,NA,NA,NA,NA,8.029090809150178,NA,NA,8.054346511673607,NA,NA,NA,-0.025255702523429235,NA,NA,NA,NA,NA,NA
2024-06-18,12:00:00,2024-06-18T12:00:00Z,1,Algae_Dom,27.7,27.383,36.2,NA,NA,NA,NA,NA,8.155929530171365,NA,NA,8.03682743235098,NA,NA,NA,0.1191020978203845,NA,NA,NA,NA,NA,NA
2024-06-18,21:00:00,2024-06-18T21:00:00Z,1,Algae_Dom,26.6,25.918,36.1,NA,NA,NA,NA,NA,7.923005653656682,NA,NA,7.983191605774758,NA,NA,NA,-0.06018595211807565,NA,NA,NA,NA,NA,NA
2024-06-19,12:00:00,2024-06-19T12:00:00Z,1,Algae_Dom,28,27.926,36.4,NA,NA,NA,NA,NA,8.193328811676125,NA,NA,8.01634947062482,NA,NA,NA,0.17697934105130386,NA,NA,NA,NA,NA,NA
2024-06-19,21:00:00,2024-06-19T21:00:00Z,1,Algae_Dom,26.8,26.086,36.4,NA,NA,NA,NA,NA,7.953098055129959,NA,NA,NA,NA,NA,NA,NA,NA,NA,NA,NA,NA,NA
2024-06-20,12:00:00,2024-06-20T12:00:00Z,1,Algae_Dom,28,26.8,36.3,30,44,2.2522522522522523,1.2333333333333334,NA,8.277538127136195,NA,124.5292392,8.08306538736559,2349.2845,1982.810761294699,99.05195645,0.19447273977060497,NA,NA,25.47728275,NA,NA,NA
2024-06-20,21:00:00,2024-06-20T21:00:00Z,1,Algae_Dom,26.9,26.156,36.4,26,38,2.6041666666666665,1.0666666666666667,2379.713425,7.941711837405389,2107.98705251909,147.8355411,8.030525102764017,2367.620913,2042.9691259376807,146.5033956,-0.08881326535862755,-12.092511999999715,-65.01792658140926,1.3321454999999958,-0.047008520722961855,-0.4584938180907207,NA
2024-06-24,12:00:00,2024-06-24T12:00:00Z,1,Algae_Dom,27.5,25.575,38.1,NA,NA,NA,NA,NA,8.372365307932762,NA,NA,NA,NA,NA,NA,NA,NA,NA,NA,NA,NA,NA
2024-06-26,12:00:00,2024-06-26T12:00:00Z,1,Algae_Dom,29.3,29.275,36.7,NA,NA,NA,NA,2328.405541,8.265621487457343,1814.3609529500716,NA,NA,NA,NA,NA,NA,NA,NA,NA,NA,NA,Incubation day - project end
2024-06-26,21:00:00,2024-06-26T21:00:00Z,1,Algae_Dom,26.9,24.404,36.3,NA,NA,NA,NA,2368.338591,7.925920021214502,2107.0843689988883,NA,NA,NA,NA,NA,NA,NA,NA,NA,NA,NA,NA
2024-06-02,12:00:00,2024-06-02T12:00:00Z,2,Rubble_Dom,29.4,28.457,36.5,131,10,1.1820330969267139,2.35,2215.542,8.131556175314378,1816.9993198633392,159.4106366,8.024367772171592,2355.042,2015.7582612525775,146.0891816,0.10718840314278566,139.5,198.75894138923832,13.321455000000014,1.1947400000000001,2.209779822729442,Flow read as 0
2024-06-02,15:00:00,2024-06-02T15:00:00Z,2,Rubble_Dom,29.1,28.17,36.4,NA,NA,NA,NA,NA,8.07003863184643,NA,NA,8.043323656191033,NA,NA,NA,0.0267149756553966,NA,NA,NA,NA,NA,NA
2024-06-02,18:00:00,2024-06-02T18:00:00Z,2,Rubble_Dom,28.9,27.99,36.4,20,74,1.7730496453900708,1.5666666666666667,2336.88,7.994039380686945,2020.2330768745664,105.8556121,8.047156502599965,2326.905,1980.529556826587,103.9406529,-0.05311712191301954,-9.974999999999909,-39.70352004797951,1.9149591999999984,-0.05695355555555504,-0.3964312333775207,NA
2024-06-02,21:00:00,2024-06-02T21:00:00Z,2,Rubble_Dom,28.6,26.07,36.4,NA,NA,NA,NA,NA,7.949307331381025,NA,NA,8.053264358408311,NA,NA,NA,-0.10395702702728649,NA,NA,NA,NA,NA,NA
2024-06-03,00:00:00,2024-06-03T00:00:00Z,2,Rubble_Dom,28.2,25.77,36.4,15,28,3.875968992248062,0.7166666666666667,2346.444,7.92591858521996,2075.4400518275625,355.0500803,8.051498166863787,2363.69,2014.5227143064,322.0794791,-0.12557958164382743,17.246000000000095,-60.91733752116238,32.970601199999976,0.045043997037037285,-0.3632581186661018,NA
2024-06-03,06:00:00,2024-06-03T06:00:00Z,2,Rubble_Dom,28.1,25.934,36.4,26,0,6.410256410256411,0.43333333333333335,2341.554,7.914517313377639,2078.181535598644,79.3792202,8.026027760005318,2343.007,2013.2579869185145,NA,-0.11151044662767884,1.4529999999999745,-64.92354868012967,NA,0.0022946637037036637,-0.20735689449783173,NA
2024-06-03,09:00:00,2024-06-03T09:00:00Z,2,Rubble_Dom,29.2,26.836,36.4,NA,NA,NA,NA,NA,7.9358906117389045,NA,NA,8.038157393089975,NA,NA,NA,-0.10226678135107026,NA,NA,NA,NA,NA,NA
2024-06-03,12:00:00,2024-06-03T12:00:00Z,2,Rubble_Dom,29.3,25.61,36.4,NA,NA,NA,NA,NA,8.09168935518154,NA,NA,8.042546836653036,NA,NA,NA,0.04914251852850349,NA,NA,NA,NA,NA,NA
2024-06-04,12:00:00,2024-06-04T12:00:00Z,2,Rubble_Dom,29.9,28.84,36.4,NA,NA,NA,NA,NA,8.071351595907974,NA,100.8309258,7.980346003757236,NA,NA,92.17197998,0.09100559215073734,NA,NA,8.65894582,NA,NA,NA
2024-06-05,12:00:00,2024-06-05T12:00:00Z,2,Rubble_Dom,29.4,27.236,36.4,NA,NA,NA,NA,NA,8.0578173607848,NA,NA,7.971666824235446,NA,NA,NA,0.08615053654935334,NA,NA,NA,NA,NA,NA
2024-06-05,21:00:00,2024-06-05T21:00:00Z,2,Rubble_Dom,28.8,27.606,36.3,NA,NA,NA,NA,NA,7.924001327320819,NA,NA,8.008567191803229,NA,NA,NA,-0.08456586448240966,NA,NA,NA,NA,NA,NA
2024-06-06,12:00:00,2024-06-06T12:00:00Z,2,Rubble_Dom,30.1,28.461,36.4,80,14,1.7730496453900708,1.5666666666666667,2345.467,8.023901554491895,1997.6391041602908,149.79,7.999947225554922,2301.299,1982.5978343942352,164.5241326,0.02395432893697258,-44.16800000000012,-15.04126976605562,-14.73413260000001,-0.25218292148148214,0.08042276243443516,NA
2024-06-06,21:00:00,2024-06-06T21:00:00Z,2,Rubble_Dom,28.8,27.977,36.4,10,70,2.0833333333333335,1.3333333333333333,2334.695,8.015577469033195,2005.7634452943666,114.5034566,8.081450291612063,2354.9,1982.8173954830716,NA,-0.06587282257886784,20.204999999999927,-22.946049811295097,NA,0.09818133333333297,-0.3211829433512527,NA
2024-06-07,12:00:00,2024-06-07T12:00:00Z,2,Rubble_Dom,29.3,28.167,36.4,NA,NA,NA,NA,NA,8.045260740051006,NA,NA,8.019476284138372,NA,NA,NA,0.025784455912633675,NA,NA,NA,NA,NA,NA
2024-06-07,21:00:00,2024-06-07T21:00:00Z,2,Rubble_Dom,28.5,27.319,36.4,NA,NA,NA,NA,NA,8.028271763466055,NA,NA,8.018528283776055,NA,NA,NA,0.009743479690000001,NA,NA,NA,NA,NA,NA
2024-06-08,12:00:00,2024-06-08T12:00:00Z,2,Rubble_Dom,29.3,27.446,36.4,NA,NA,NA,NA,NA,7.984692291462979,NA,NA,8.004218107348636,NA,NA,NA,-0.019525815885657494,NA,NA,NA,NA,NA,NA
2024-06-08,21:00:00,2024-06-08T21:00:00Z,2,Rubble_Dom,28.6,26.835,36.4,NA,NA,NA,NA,NA,8.040419373062319,NA,NA,8.017957561288961,NA,NA,NA,0.02246181177335771,NA,NA,NA,NA,NA,NA
2024-06-09,12:00:00,2024-06-09T12:00:00Z,2,Rubble_Dom,29.3,27.785,36.4,NA,NA,NA,NA,NA,8.000729204186854,NA,NA,7.968142993110272,NA,NA,NA,0.03258621107658222,NA,NA,NA,NA,NA,NA
2024-06-09,21:00:00,2024-06-09T21:00:00Z,2,Rubble_Dom,28.6,26.576,36.4,NA,NA,NA,NA,NA,7.940801117247807,NA,NA,7.9951304506635426,NA,NA,NA,-0.05432933341573598,NA,NA,NA,NA,NA,NA
2024-06-10,12:00:00,2024-06-10T12:00:00Z,2,Rubble_Dom,29.3,27.087,36.4,NA,NA,NA,NA,NA,8.079013712318345,NA,NA,8.005325806335957,NA,NA,NA,0.07368790598238739,NA,NA,NA,NA,NA,NA
2024-06-10,21:00:00,2024-06-10T21:00:00Z,2,Rubble_Dom,28.5,25.643,36.4,NA,NA,NA,NA,NA,7.90927300211625,NA,NA,8.003845969614433,NA,NA,NA,-0.09457296749818322,NA,NA,NA,NA,NA,NA
2024-06-11,12:00:00,2024-06-11T12:00:00Z,2,Rubble_Dom,27.5,27.409,36.4,294,8,0.5518763796909492,5.033333333333333,2334.958,8.104167896520892,1960.997262775469,NA,8.010184285239403,2360.581,2039.9802667738347,83.2812964,0.09398361128148913,25.623000000000047,78.9830039983658,351.8787036,0.470020720000001,2.4276609259489335,NA
2024-06-11,21:00:00,2024-06-11T21:00:00Z,2,Rubble_Dom,27.1,25.941,36.5,0,36,4.629629629629629,0.6,NA,7.938230490881344,NA,NA,8.044539918296229,NA,NA,109.2581337,-0.10630942741488436,NA,NA,349.55186630000003,NA,NA,NA
2024-06-12,21:00:00,2024-06-12T21:00:00Z,2,Rubble_Dom,27.3,26.129,36.5,NA,NA,NA,NA,NA,7.947548969807021,NA,NA,8.041816171591535,NA,NA,NA,-0.09426720178451387,NA,NA,NA,NA,NA,NA
2024-06-13,12:00:00,2024-06-13T12:00:00Z,2,Rubble_Dom,27.4,25.869,36.5,NA,NA,NA,NA,NA,8.020869197460856,NA,NA,8.0546644215497345,NA,NA,NA,-0.033795224088878584,NA,NA,NA,NA,NA,NA
2024-06-13,21:00:00,2024-06-13T21:00:00Z,2,Rubble_Dom,27.3,26.362,36.3,NA,NA,NA,NA,NA,7.9596032522666675,NA,NA,8.054178802618383,NA,NA,NA,-0.09457555035171517,NA,NA,NA,NA,NA,NA
2024-06-14,12:00:00,2024-06-14T12:00:00Z,2,Rubble_Dom,29.4,28.897,36.2,NA,NA,NA,NA,NA,8.195494625752158,NA,NA,8.044081034385364,NA,NA,NA,0.15141359136679355,NA,NA,NA,NA,NA,NA
2024-06-14,21:00:00,2024-06-14T21:00:00Z,2,Rubble_Dom,27.8,26.652,36.1,NA,NA,NA,NA,NA,7.964244978740373,NA,NA,8.074678608097239,NA,NA,NA,-0.11043362935686574,NA,NA,NA,NA,NA,NA
2024-06-15,12:00:00,2024-06-15T12:00:00Z,2,Rubble_Dom,29.4,28.938,36.3,NA,NA,NA,NA,NA,8.229150216220933,NA,NA,8.045686045211598,NA,NA,NA,0.18346417100933543,NA,NA,NA,NA,NA,NA
2024-06-15,21:00:00,2024-06-15T21:00:00Z,2,Rubble_Dom,28.1,26.694,36.3,NA,NA,NA,NA,NA,8.017250411833869,NA,NA,8.075885913649149,NA,NA,NA,-0.05863550181527977,NA,NA,NA,NA,NA,NA
2024-06-16,12:00:00,2024-06-16T12:00:00Z,2,Rubble_Dom,30.2,29.333,36.2,0,22,7.575757575757575,0.36666666666666664,2281.888,8.210907634020518,1811.4780904411532,NA,8.045596537518659,2359.208,2006.5203464214983,89.6374344,0.16531109650185982,77.32000000000016,195.0422559803451,NA,0.10332242962962983,0.41794605894598874,NA
2024-06-16,21:00:00,2024-06-16T21:00:00Z,2,Rubble_Dom,28.2,24.051,36.3,20,5,6.666666666666666,0.4166666666666667,2328.172,8.011235330736659,2008.9679824805405,180.3898468,8.073453771153769,2354.242,1993.6190260425928,76.83218575,-0.06221844041711044,26.070000000000164,-15.348956437947663,103.55766105,0.039587777777778034,-0.08620312695969316,NA
2024-06-17,21:00:00,2024-06-17T21:00:00Z,2,Rubble_Dom,27.5,26.892,36,NA,NA,NA,NA,NA,8.059934374474519,NA,NA,8.054346511673607,NA,NA,NA,0.005587862800911836,NA,NA,NA,NA,NA,NA
2024-06-18,12:00:00,2024-06-18T12:00:00Z,2,Rubble_Dom,27.6,27.544,36.1,NA,NA,NA,NA,NA,8.063844503892618,NA,NA,8.03682743235098,NA,NA,NA,0.02701707154163735,NA,NA,NA,NA,NA,NA
2024-06-18,21:00:00,2024-06-18T21:00:00Z,2,Rubble_Dom,26.9,26.12,36.1,NA,NA,NA,NA,NA,7.9762767312481735,NA,NA,7.983191605774758,NA,NA,NA,-0.006914874526584569,NA,NA,NA,NA,NA,NA
2024-06-19,12:00:00,2024-06-19T12:00:00Z,2,Rubble_Dom,27.6,27.64,36.1,NA,NA,NA,NA,NA,8.050715704073884,NA,NA,8.01634947062482,NA,NA,NA,0.03436623344906309,NA,NA,NA,NA,NA,NA
2024-06-19,21:00:00,2024-06-19T21:00:00Z,2,Rubble_Dom,27.2,26.287,36.1,NA,NA,NA,NA,NA,8.034408202877142,NA,NA,NA,NA,NA,NA,NA,NA,NA,NA,NA,NA,NA
2024-06-20,12:00:00,2024-06-20T12:00:00Z,2,Rubble_Dom,27.7,26.658,36.2,328,304,0.26371308016877637,10.533333333333333,NA,8.083466862922718,NA,97.05373819,8.08306538736559,2349.2845,1982.810761294699,99.05195645,4.014755571279949e-4,NA,NA,-1.9982182600000016,NA,NA,NA
2024-06-20,21:00:00,2024-06-20T21:00:00Z,2,Rubble_Dom,27.2,26.062,36.3,287,444,0.22799817601459188,12.183333333333334,2365.744469,8.034162389329655,2037.9047665408098,196.458852,8.030525102764017,2367.620913,2042.9691259376807,146.5033956,0.0036372865656382203,1.8764439999999922,5.064359396870941,49.9554564,0.08331689351703668,0.36641322643442686,NA
2024-06-24,12:00:00,2024-06-24T12:00:00Z,2,Rubble_Dom,27.4,25.67,36.9,NA,NA,NA,NA,NA,8.110327040217845,NA,NA,NA,NA,NA,NA,NA,NA,NA,NA,NA,NA,NA
2024-06-26,12:00:00,2024-06-26T12:00:00Z,2,Rubble_Dom,29.4,28.899,36.5,NA,NA,NA,NA,2300.584234,8.249472085042173,1804.3508418006156,NA,NA,NA,NA,NA,NA,NA,NA,NA,NA,NA,NA
2024-06-26,21:00:00,2024-06-26T21:00:00Z,2,Rubble_Dom,27,24.508,36.2,NA,NA,NA,NA,2376.517014,7.996971435801588,2073.225677551052,NA,NA,NA,NA,NA,NA,NA,NA,NA,NA,NA,NA
2024-06-02,12:00:00,2024-06-02T12:00:00Z,3,Control,29.2,28.119,36.5,68,10,2.1367521367521367,1.3,2357.832,8.018457460846129,2020.1386603399185,207.7009111,8.024367772171592,2355.042,2015.7582612525775,146.0891816,-0.005910311325463269,-2.7899999999999636,-4.3803990873409475,61.611729500000024,-0.013218399999999826,-0.02828831490760418,NA
2024-06-02,15:00:00,2024-06-02T15:00:00Z,3,Control,29.3,28.23,36.5,NA,NA,NA,NA,NA,8.040631859380918,NA,NA,8.043323656191033,NA,NA,NA,-0.002691796810115221,NA,NA,NA,NA,NA,NA
2024-06-02,18:00:00,2024-06-02T18:00:00Z,3,Control,28.8,27.68,36.4,181,48,0.7278020378457059,3.816666666666667,2358,8.046490955625014,2006.8214615727268,100.2772528,8.047156502599965,2326.905,1980.529556826587,103.9406529,-6.655469749503595e-4,-31.0949999999998,-26.291904746139835,-3.663400100000004,-0.43251993333333055,-0.2989013812192826,NA
2024-06-02,21:00:00,2024-06-02T21:00:00Z,3,Control,28.4,26.13,36.4,NA,NA,NA,NA,NA,8.054863536971382,NA,NA,8.053264358408311,NA,NA,NA,0.00159917856307068,NA,NA,NA,NA,NA,NA
2024-06-03,00:00:00,2024-06-03T00:00:00Z,3,Control,28.2,25.608,36.4,50,150,0.8333333333333333,3.3333333333333335,2356.603,8.04297154987852,2013.708792395615,336.8163388,8.051498166863787,2363.69,2014.5227143064,322.0794791,-0.00852661698526802,7.086999999999989,0.813921910784984,14.736859699999968,0.08609392592592581,-0.0663186380194462,NA
2024-06-03,06:00:00,2024-06-03T06:00:00Z,3,Control,27.9,25.95,36.4,70,60,1.2820512820512822,2.1666666666666665,2313.736,8.031749315185968,1985.1896507454078,71.52788763,8.026027760005318,2343.007,2013.2579869185145,NA,0.005721555180649318,29.271000000000186,28.068336173106673,NA,0.23113248888889032,0.2121393090449128,NA
2024-06-03,09:00:00,2024-06-03T09:00:00Z,3,Control,29,28.537,36.4,NA,NA,NA,NA,NA,7.952400212530027,NA,NA,8.038157393089975,NA,NA,NA,-0.08575718055994752,NA,NA,NA,NA,NA,NA
2024-06-03,12:00:00,2024-06-03T12:00:00Z,3,Control,29,25.61,36.4,NA,NA,NA,NA,NA,8.05091956629697,NA,NA,8.042546836653036,NA,NA,NA,0.008372729643934207,NA,NA,NA,NA,NA,NA
2024-06-04,12:00:00,2024-06-04T12:00:00Z,3,Control,29.6,28.93,36.4,NA,NA,NA,NA,NA,8.001175378279203,NA,87.09317525,7.980346003757236,NA,NA,92.17197998,0.020829374521967203,NA,NA,-5.078804730000002,NA,NA,NA
2024-06-05,12:00:00,2024-06-05T12:00:00Z,3,Control,29.3,27.306,36.3,NA,NA,NA,NA,NA,7.9991213982303,NA,NA,7.971666824235446,NA,NA,NA,0.02745457399485396,NA,NA,NA,NA,NA,NA
2024-06-05,21:00:00,2024-06-05T21:00:00Z,3,Control,28.7,25.79,36.3,NA,NA,NA,NA,NA,7.988658352169071,NA,NA,8.008567191803229,NA,NA,NA,-0.019908839634157793,NA,NA,NA,NA,NA,NA
2024-06-06,12:00:00,2024-06-06T12:00:00Z,3,Control,29.9,28.109,36.4,104,24,1.3020833333333333,2.1333333333333333,2335.768,7.967552303949935,2026.3464937033366,133.3852315,7.999947225554922,2301.299,1982.5978343942352,164.5241326,-0.032394921604987026,-34.46900000000005,-43.74865930910141,-31.138901099999998,-0.26799009185185224,-0.4122853571975231,NA
2024-06-06,21:00:00,2024-06-06T21:00:00Z,3,Control,28.7,27.92,36.4,23,16,4.273504273504273,0.65,2332.358,8.08549451403567,1959.0879564379536,123.9117343,8.081450291612063,2354.9,1982.8173954830716,NA,0.0040442224236070246,22.541999999999916,23.729439045117942,NA,0.05339949333333314,0.05902531565375898,NA
2024-06-07,12:00:00,2024-06-07T12:00:00Z,3,Control,28.6,28.31,36.4,NA,NA,NA,NA,NA,8.049671820511481,NA,NA,8.019476284138372,NA,NA,NA,0.030195536373108567,NA,NA,NA,NA,NA,NA
2024-06-07,21:00:00,2024-06-07T21:00:00Z,3,Control,28.5,27.106,36.4,NA,NA,NA,NA,NA,8.037702693659377,NA,NA,8.018528283776055,NA,NA,NA,0.01917440988332153,NA,NA,NA,NA,NA,NA
2024-06-08,12:00:00,2024-06-08T12:00:00Z,3,Control,28.6,26.858,36.4,NA,NA,NA,NA,NA,8.013675770171645,NA,NA,8.004218107348636,NA,NA,NA,0.009457662823008306,NA,NA,NA,NA,NA,NA
2024-06-08,21:00:00,2024-06-08T21:00:00Z,3,Control,28.6,26.739,36.4,NA,NA,NA,NA,NA,8.02338113006144,NA,NA,8.017957561288961,NA,NA,NA,0.005423568772478404,NA,NA,NA,NA,NA,NA
2024-06-09,12:00:00,2024-06-09T12:00:00Z,3,Control,28.6,27.763,36.4,NA,NA,NA,NA,NA,8.00629106843915,NA,NA,7.968142993110272,NA,NA,NA,0.03814807532887876,NA,NA,NA,NA,NA,NA
2024-06-09,21:00:00,2024-06-09T21:00:00Z,3,Control,28.6,26.422,36.4,NA,NA,NA,NA,NA,7.997303982084743,NA,NA,7.9951304506635426,NA,NA,NA,0.0021735314212003587,NA,NA,NA,NA,NA,NA
2024-06-10,12:00:00,2024-06-10T12:00:00Z,3,Control,28.6,27.491,36.4,NA,NA,NA,NA,NA,8.017205289402266,NA,NA,8.005325806335957,NA,NA,NA,0.011879483066309149,NA,NA,NA,NA,NA,NA
2024-06-10,21:00:00,2024-06-10T21:00:00Z,3,Control,28.4,26.099,36.4,NA,NA,NA,NA,NA,7.9859618952457465,NA,NA,8.003845969614433,NA,NA,NA,-0.017884074368686775,NA,NA,NA,NA,NA,NA
2024-06-11,12:00:00,2024-06-11T12:00:00Z,3,Control,27.6,27.48,36.2,288,202,0.3401360544217687,8.166666666666666,2357.972,8.003525482581606,2046.9597335941444,84.03062825,8.010184285239403,2360.581,2039.9802667738347,83.2812964,-0.006658802657796059,2.6089999999999236,-6.9794668203096535,0.7493318500000044,0.07765157037036809,-0.49311079531857827,NA
2024-06-11,21:00:00,2024-06-11T21:00:00Z,3,Control,27.2,26.122,36.3,206,300,0.3293807641633728,8.433333333333334,NA,8.022571292339086,NA,142.9780668,8.044539918296229,NA,NA,109.2581337,-0.021968625957143217,NA,NA,33.71993309999999,NA,NA,NA
2024-06-12,21:00:00,2024-06-12T21:00:00Z,3,Control,27.5,25.896,36.5,NA,NA,NA,NA,NA,8.02782850060103,NA,NA,8.041816171591535,NA,NA,NA,-0.013987670990504242,NA,NA,NA,NA,NA,NA
2024-06-13,12:00:00,2024-06-13T12:00:00Z,3,Control,27.6,25.902,36.5,NA,NA,NA,NA,NA,8.021275924888629,NA,NA,8.0546644215497345,NA,NA,NA,-0.03338849666110555,NA,NA,NA,NA,NA,NA
2024-06-13,21:00:00,2024-06-13T21:00:00Z,3,Control,27.3,26.595,36.3,NA,NA,NA,NA,NA,8.052683809165194,NA,NA,8.054178802618383,NA,NA,NA,-0.0014949934531891529,NA,NA,NA,NA,NA,NA
2024-06-14,12:00:00,2024-06-14T12:00:00Z,3,Control,29,28.69,36.1,NA,NA,NA,NA,NA,8.049052994435986,NA,NA,8.044081034385364,NA,NA,NA,0.0049719600506215045,NA,NA,NA,NA,NA,NA
2024-06-14,21:00:00,2024-06-14T21:00:00Z,3,Control,27.9,26.495,36.1,NA,NA,NA,NA,NA,8.031044068490807,NA,NA,8.074678608097239,NA,NA,NA,-0.04363453960643149,NA,NA,NA,NA,NA,NA
2024-06-15,12:00:00,2024-06-15T12:00:00Z,3,Control,28.9,28.575,36.3,NA,NA,NA,NA,NA,8.059000214862728,NA,NA,8.045686045211598,NA,NA,NA,0.013314169651129859,NA,NA,NA,NA,NA,NA
2024-06-15,21:00:00,2024-06-15T21:00:00Z,3,Control,28.1,26.95,36.2,NA,NA,NA,NA,NA,8.063067821723253,NA,NA,8.075885913649149,NA,NA,NA,-0.012818091925895558,NA,NA,NA,NA,NA,NA
2024-06-16,12:00:00,2024-06-16T12:00:00Z,3,Control,29.3,28.982,36.3,28,0,5.952380952380952,0.4666666666666667,2359.21,8.067375129474572,1989.8916603582695,NA,8.045596537518659,2359.208,2006.5203464214983,89.6374344,0.02177859195591303,-0.0019999999999527063,16.62868606322877,NA,-3.4014814814010472e-6,0.05656556918692327,NA
2024-06-16,21:00:00,2024-06-16T21:00:00Z,3,Control,28.1,24.378,36.2,0,38,4.385964912280701,0.6333333333333333,2359.503,8.045530533069888,2017.2634434382865,157.9931506,8.073453771153769,2354.242,1993.6190260425928,76.83218575,-0.027923238083880975,-5.260999999999967,-23.64441739569361,81.16096485000001,-0.012143167407407333,-0.09700646904441682,NA
2024-06-17,21:00:00,2024-06-17T21:00:00Z,3,Control,27.4,26.672,36.2,NA,NA,NA,NA,NA,8.069639869114347,NA,NA,8.054346511673607,NA,NA,NA,0.015293357440739896,NA,NA,NA,NA,NA,NA
2024-06-18,12:00:00,2024-06-18T12:00:00Z,3,Control,27.7,27.409,36.5,NA,NA,NA,NA,NA,8.062747339584051,NA,NA,8.03682743235098,NA,NA,NA,0.025919907233070916,NA,NA,NA,NA,NA,NA
2024-06-18,21:00:00,2024-06-18T21:00:00Z,3,Control,26.5,25.845,36.4,NA,NA,NA,NA,NA,7.997304553114209,NA,NA,7.983191605774758,NA,NA,NA,0.014112947339451232,NA,NA,NA,NA,NA,NA
2024-06-19,12:00:00,2024-06-19T12:00:00Z,3,Control,28.2,27.949,36.4,NA,NA,NA,NA,NA,8.04304453592805,NA,NA,8.01634947062482,NA,NA,NA,0.026695065303229626,NA,NA,NA,NA,NA,NA
2024-06-19,21:00:00,2024-06-19T21:00:00Z,3,Control,27,26.358,36.4,NA,NA,NA,NA,NA,8.045032813206074,NA,NA,NA,NA,NA,NA,NA,NA,NA,NA,NA,NA,NA
2024-06-20,12:00:00,2024-06-20T12:00:00Z,3,Control,28.3,26.965,36.4,14,0,11.904761904761903,0.23333333333333334,NA,8.05878726643392,NA,102.5488384,8.08306538736559,2349.2845,1982.810761294699,99.05195645,-0.024278120931668923,NA,NA,3.496881949999988,NA,NA,NA
2024-06-20,21:00:00,2024-06-20T21:00:00Z,3,Control,26.8,26.445,36.3,0,18,9.259259259259258,0.3,2387.105854,8.04814218245379,2052.08605375779,96.38142101,8.030525102764017,2367.620913,2042.9691259376807,146.5033956,0.017617079689772552,-19.484940999999708,-9.116927820109368,-50.12197459000001,-0.021303535493333012,0.0013678533266938617,NA
2024-06-24,12:00:00,2024-06-24T12:00:00Z,3,Control,27.4,25.779,37,NA,NA,NA,NA,NA,8.067095351318637,NA,NA,NA,NA,NA,NA,NA,NA,NA,NA,NA,NA,NA
2024-06-26,12:00:00,2024-06-26T12:00:00Z,3,Control,29.2,28.954,36.5,NA,NA,NA,NA,2370.729387,8.06588885382174,2000.4184156391555,NA,NA,NA,NA,NA,NA,NA,NA,NA,NA,NA,NA
2024-06-26,21:00:00,2024-06-26T21:00:00Z,3,Control,27.3,24.546,36.3,NA,NA,NA,NA,2382.421234,8.043305155929096,2046.1715805827882,NA,NA,NA,NA,NA,NA,NA,NA,NA,NA,NA,NA
2024-06-02,12:00:00,2024-06-02T12:00:00Z,4,Algae_Dom,29.6,28.421,36.5,151,0,1.1037527593818983,2.5166666666666666,2425.624,8.064968086404676,2045.675476010122,258.3224403,8.024367772171592,2355.042,2015.7582612525775,146.0891816,0.04060031423308352,-70.58199999999988,-29.91721475754457,112.2332587,-0.6473676474074063,0.09857512425493675,NA
2024-06-02,15:00:00,2024-06-02T15:00:00Z,4,Algae_Dom,29.1,29.39,36.5,NA,NA,NA,NA,NA,8.061963078104334,NA,NA,8.043323656191033,NA,NA,NA,0.018639421913301035,NA,NA,NA,NA,NA,NA
2024-06-02,18:00:00,2024-06-02T18:00:00Z,4,Algae_Dom,28.8,27.51,36.4,60,224,0.5868544600938967,4.733333333333333,2371.09,7.989123724251201,2055.1614417538763,128.0025311,8.047156502599965,2326.905,1980.529556826587,103.9406529,-0.05803277834876308,-44.184999999999945,-74.63188492728932,24.061878199999995,-0.7622076148148138,-1.8126476980543917,NA
2024-06-02,21:00:00,2024-06-02T21:00:00Z,4,Algae_Dom,28.5,26.08,36.4,NA,NA,NA,NA,NA,7.979354776695503,NA,NA,8.053264358408311,NA,NA,NA,-0.07390958171280815,NA,NA,NA,NA,NA,NA
2024-06-03,00:00:00,2024-06-03T00:00:00Z,4,Algae_Dom,28.2,25.496,36.4,55,184,0.6973500697350069,3.9833333333333334,2459.783,7.970390586500177,2152.859873773612,108.6864213,8.051498166863787,2363.69,2014.5227143064,322.0794791,-0.08110758036360988,-96.09299999999985,-138.3371594672119,-213.3930578,-1.394985639999998,-2.62150569516803,NA
2024-06-03,06:00:00,2024-06-03T06:00:00Z,4,Algae_Dom,28,25.974,36.4,150,50,0.8333333333333333,3.3333333333333335,2408.932,7.956412568824899,2116.726573070744,131.6659312,8.026027760005318,2343.007,2013.2579869185145,NA,-0.0696151911804197,-65.92499999999973,-103.46858615222959,NA,-0.8008666666666635,-1.7130367598467668,NA
2024-06-03,09:00:00,2024-06-03T09:00:00Z,4,Algae_Dom,28.8,28.119,36.4,NA,NA,NA,NA,NA,7.950826784440704,NA,NA,8.038157393089975,NA,NA,NA,-0.08733060864927111,NA,NA,NA,NA,NA,NA
2024-06-03,12:00:00,2024-06-03T12:00:00Z,4,Algae_Dom,29,25.35,36.4,NA,NA,NA,NA,NA,8.033371634551434,NA,NA,8.042546836653036,NA,NA,NA,-0.009175202101602054,NA,NA,NA,NA,NA,NA
2024-06-04,12:00:00,2024-06-04T12:00:00Z,4,Algae_Dom,29.5,28.86,36.4,NA,NA,NA,NA,NA,8.029165312467347,NA,103.744994,7.980346003757236,NA,NA,92.17197998,0.048819308710110754,NA,NA,11.573014020000002,NA,NA,NA
2024-06-05,12:00:00,2024-06-05T12:00:00Z,4,Algae_Dom,29.2,27.245,36.4,NA,NA,NA,NA,NA,8.020738295128302,NA,NA,7.971666824235446,NA,NA,NA,0.049071470892855906,NA,NA,NA,NA,NA,NA
2024-06-05,21:00:00,2024-06-05T21:00:00Z,4,Algae_Dom,28.6,26.691,36.3,NA,NA,NA,NA,NA,7.991193512182766,NA,NA,8.008567191803229,NA,NA,NA,-0.017373679620462212,NA,NA,NA,NA,NA,NA
2024-06-06,12:00:00,2024-06-06T12:00:00Z,4,Algae_Dom,29.2,28.109,36.4,380,190,0.29239766081871343,9.5,2292.041,8.006535320292587,1969.2555400533884,155.8651869,7.999947225554922,2301.299,1982.5978343942352,164.5241326,0.00658809473766464,9.25799999999981,13.34229434084682,-8.658945700000004,0.3205325333333269,0.6033472259128664,NA
2024-06-06,21:00:00,2024-06-06T21:00:00Z,4,Algae_Dom,28.6,27.883,36.4,154,346,0.3333333333333333,8.333333333333334,2307.758,8.076887796814992,1944.013303602374,106.5105836,8.081450291612063,2354.9,1982.8173954830716,NA,-0.004562494797070826,47.14200000000028,38.80409188069757,NA,NA,0.9252692846053252,NA
2024-06-07,12:00:00,2024-06-07T12:00:00Z,4,Algae_Dom,28.4,28.314,36.4,NA,NA,NA,NA,NA,8.076142225550967,NA,NA,8.019476284138372,NA,NA,NA,0.056665941412594734,NA,NA,NA,NA,NA,NA
2024-06-07,21:00:00,2024-06-07T21:00:00Z,4,Algae_Dom,28.6,27.04,36.4,NA,NA,NA,NA,NA,8.014210198999768,NA,NA,8.018528283776055,NA,NA,NA,-0.0043180847762869234,NA,NA,NA,NA,NA,NA
2024-06-08,12:00:00,2024-06-08T12:00:00Z,4,Algae_Dom,28.4,27.032,36.4,NA,NA,NA,NA,NA,8.008856547626555,NA,NA,8.004218107348636,NA,NA,NA,0.0046384402779189315,NA,NA,NA,NA,NA,NA
2024-06-08,21:00:00,2024-06-08T21:00:00Z,4,Algae_Dom,28.7,26.532,36.4,NA,NA,NA,NA,NA,8.001138569664874,NA,NA,8.017957561288961,NA,NA,NA,-0.01681899162408662,NA,NA,NA,NA,NA,NA
2024-06-09,12:00:00,2024-06-09T12:00:00Z,4,Algae_Dom,28.4,27.907,36.4,NA,NA,NA,NA,NA,8.029831256946926,NA,NA,7.968142993110272,NA,NA,NA,0.061688263836654045,NA,NA,NA,NA,NA,NA
2024-06-09,21:00:00,2024-06-09T21:00:00Z,4,Algae_Dom,28.7,26.6,36.4,NA,NA,NA,NA,NA,7.97285825131565,NA,NA,7.9951304506635426,NA,NA,NA,-0.02227219934789293,NA,NA,NA,NA,NA,NA
2024-06-10,12:00:00,2024-06-10T12:00:00Z,4,Algae_Dom,28.4,26.52,36.4,NA,NA,NA,NA,NA,8.064371722863857,NA,NA,8.005325806335957,NA,NA,NA,0.05904591652790003,NA,NA,NA,NA,NA,NA
2024-06-10,21:00:00,2024-06-10T21:00:00Z,4,Algae_Dom,28.6,25.954,36.4,NA,NA,NA,NA,NA,7.928840948954489,NA,NA,8.003845969614433,NA,NA,NA,-0.07500502065994397,NA,NA,NA,NA,NA,NA
2024-06-11,12:00:00,2024-06-11T12:00:00Z,4,Algae_Dom,27.5,27.447,36.4,180,500,0.24509803921568626,11.333333333333334,2358.61,8.074097170688642,2002.0570398710142,294.0100632,8.010184285239403,2360.581,2039.9802667738347,83.2812964,0.06391288544923945,1.9710000000000036,37.92322690282049,210.7287668,0.08140960000000014,3.051329854964845,NA
2024-06-11,21:00:00,2024-06-11T21:00:00Z,4,Algae_Dom,27,26.114,36.4,248,174,0.3949447077409163,7.033333333333333,NA,7.993865152060795,NA,137.3997075,8.044539918296229,NA,NA,109.2581337,-0.0506747662354341,NA,NA,28.141573800000003,NA,NA,NA
2024-06-12,21:00:00,2024-06-12T21:00:00Z,4,Algae_Dom,27.5,26.037,36.5,NA,NA,NA,NA,NA,7.8250899679878545,NA,NA,8.041816171591535,NA,NA,NA,-0.2167262036036801,NA,NA,NA,NA,NA,NA
2024-06-13,12:00:00,2024-06-13T12:00:00Z,4,Algae_Dom,27.7,25.985,36.4,NA,NA,NA,NA,NA,7.934127644320645,NA,NA,8.0546644215497345,NA,NA,NA,-0.12053677722908951,NA,NA,NA,NA,NA,NA
2024-06-13,21:00:00,2024-06-13T21:00:00Z,4,Algae_Dom,27.3,26.351,36.3,NA,NA,NA,NA,NA,7.867226926151428,NA,NA,8.054178802618383,NA,NA,NA,-0.18695187646695466,NA,NA,NA,NA,NA,NA
2024-06-14,12:00:00,2024-06-14T12:00:00Z,4,Algae_Dom,29.1,28.471,36.1,NA,NA,NA,NA,NA,8.168797168943653,NA,NA,8.044081034385364,NA,NA,NA,0.12471613455828923,NA,NA,NA,NA,NA,NA
2024-06-14,21:00:00,2024-06-14T21:00:00Z,4,Algae_Dom,28,26.506,36.1,NA,NA,NA,NA,NA,7.776520309104024,NA,NA,8.074678608097239,NA,NA,NA,-0.298158298993215,NA,NA,NA,NA,NA,NA
2024-06-15,12:00:00,2024-06-15T12:00:00Z,4,Algae_Dom,29.1,28.375,36.3,NA,NA,NA,NA,NA,8.175632743590882,NA,NA,8.045686045211598,NA,NA,NA,0.12994669837928363,NA,NA,NA,NA,NA,NA
2024-06-15,21:00:00,2024-06-15T21:00:00Z,4,Algae_Dom,28.2,26.781,36.2,NA,NA,NA,NA,NA,7.7897139300674985,NA,NA,8.075885913649149,NA,NA,NA,-0.2861719835816503,NA,NA,NA,NA,NA,NA
2024-06-16,12:00:00,2024-06-16T12:00:00Z,4,Algae_Dom,29.2,28.482,36.2,38,0,4.385964912280701,0.6333333333333333,2345.46,8.117394377203256,1945.3233936727825,NA,8.045596537518659,2359.208,2006.5203464214983,89.6374344,0.07179783968459752,13.748000000000047,61.19695274871583,NA,0.03173242074074086,0.25077084557777546,NA
2024-06-16,21:00:00,2024-06-16T21:00:00Z,4,Algae_Dom,28.1,24.454,36.2,0,60,2.7777777777777777,1,2377.739,7.874215114273925,2135.079747773285,119.3609309,8.073453771153769,2354.242,1993.6190260425928,76.83218575,-0.1992386568798441,-23.496999999999844,-141.46072173069206,42.528745150000006,-0.08563351111111052,-0.9454579717259336,NA
2024-06-17,21:00:00,2024-06-17T21:00:00Z,4,Algae_Dom,27.5,26.799,36.3,NA,NA,NA,NA,NA,8.009932890895836,NA,NA,8.054346511673607,NA,NA,NA,-0.044413620777771,NA,NA,NA,NA,NA,NA
2024-06-18,12:00:00,2024-06-18T12:00:00Z,4,Algae_Dom,28.6,27.83,36.3,NA,NA,NA,NA,NA,8.299099125646935,NA,NA,8.03682743235098,NA,NA,NA,0.2622716932959541,NA,NA,NA,NA,NA,NA
2024-06-18,21:00:00,2024-06-18T21:00:00Z,4,Algae_Dom,26.7,25.941,36.4,NA,NA,NA,NA,NA,8.01810722713385,NA,NA,7.983191605774758,NA,NA,NA,0.034915621359091986,NA,NA,NA,NA,NA,NA
2024-06-19,12:00:00,2024-06-19T12:00:00Z,4,Algae_Dom,28.6,27.812,36.4,NA,NA,NA,NA,NA,NA,NA,NA,8.01634947062482,NA,NA,NA,0.4519948234550082,NA,NA,NA,NA,NA,NA
2024-06-19,21:00:00,2024-06-19T21:00:00Z,4,Algae_Dom,27,26.344,36.4,NA,NA,NA,NA,NA,8.04331051303444,NA,NA,NA,NA,NA,NA,NA,NA,NA,NA,NA,NA,NA
2024-06-20,12:00:00,2024-06-20T12:00:00Z,4,Algae_Dom,28.6,26.984,36.4,14,0,11.904761904761903,0.23333333333333334,NA,8.393051273459573,NA,191.8858462,8.08306538736559,2349.2845,1982.810761294699,99.05195645,0.30998588609398325,NA,NA,92.83388975,NA,NA,NA
2024-06-20,21:00:00,2024-06-20T21:00:00Z,4,Algae_Dom,27.1,26.267,36.1,0,15,11.11111111111111,0.25,2336.958861,8.138447164142883,1946.1856001708784,168.0675009,8.030525102764017,2367.620913,2042.9691259376807,146.5033956,0.10792206137886673,30.66205200000013,96.78352576680231,21.564105299999994,0.02793653626666678,0.14842455513061742,NA
2024-06-24,12:00:00,2024-06-24T12:00:00Z,4,Algae_Dom,28.5,26.262,37,NA,NA,NA,NA,NA,NA,NA,NA,NA,NA,NA,NA,NA,NA,NA,NA,NA,NA,NA
2024-06-26,12:00:00,2024-06-26T12:00:00Z,4,Algae_Dom,29.6,28.901,36.6,NA,NA,NA,NA,2373.847578,NA,1661.9292926578732,NA,NA,NA,NA,NA,NA,NA,NA,NA,NA,NA,NA
2024-06-26,21:00:00,2024-06-26T21:00:00Z,4,Algae_Dom,27.4,24.517,36.7,NA,NA,NA,NA,2348.827058,8.071238816146703,1993.674079411691,NA,NA,NA,NA,NA,NA,NA,NA,NA,NA,NA,NA
2024-06-02,12:00:00,2024-06-02T12:00:00Z,5,Rubble_Dom,28.7,27.987,36.4,120,20,1.1904761904761905,2.3333333333333335,2327.843,8.082336220101567,1957.2080666650409,142.1760042,8.024367772171592,2355.042,2015.7582612525775,146.0891816,0.05796844792997469,27.19900000000007,58.55019458753668,-3.913177399999995,0.23129223703703763,0.7644947760961788,NA
2024-06-02,15:00:00,2024-06-02T15:00:00Z,5,Rubble_Dom,29,29.34,36.4,NA,NA,NA,NA,NA,8.066487272456937,NA,NA,8.043323656191033,NA,NA,NA,0.023163616265904352,NA,NA,NA,NA,NA,NA
2024-06-02,18:00:00,2024-06-02T18:00:00Z,5,Rubble_Dom,28.7,27.419,36.4,64,196,0.6410256410256411,4.333333333333333,2342.425,8.022165875602996,2009.5007860485666,107.6873121,8.047156502599965,2326.905,1980.529556826587,103.9406529,-0.024990626996968857,-15.519999999999982,-28.971229221979684,3.7466591999999963,-0.24510103703703673,-0.6699606029816398,NA
2024-06-02,21:00:00,2024-06-02T21:00:00Z,5,Rubble_Dom,28.5,25.75,36.4,NA,NA,NA,NA,NA,8.016969264110791,NA,NA,8.053264358408311,NA,NA,NA,-0.03629509429751998,NA,NA,NA,NA,NA,NA
2024-06-03,00:00:00,2024-06-03T00:00:00Z,5,Rubble_Dom,28.3,25.45,36.4,50,110,1.0416666666666667,2.6666666666666665,2351.969,8.007368408990265,2031.161244185952,311.4223151,8.051498166863787,2363.69,2014.5227143064,322.0794791,-0.044129757873522024,11.721000000000004,-16.638529879551925,-10.657164000000023,0.11391075555555558,-0.43731447706625365,NA
2024-06-03,06:00:00,2024-06-03T06:00:00Z,5,Rubble_Dom,28.1,25.981,36.4,122,36,1.0548523206751055,2.6333333333333333,2258.106,7.9935230445680485,1956.3991974229154,75.16631004,8.026027760005318,2343.007,2013.2579869185145,NA,-0.03250471543726974,84.90099999999984,56.85878949559901,NA,0.8147980414814798,0.2765537758592326,NA
2024-06-03,09:00:00,2024-06-03T09:00:00Z,5,Rubble_Dom,28.8,27.779,36.4,NA,NA,NA,NA,NA,7.974874518704302,NA,NA,8.038157393089975,NA,NA,NA,-0.06328287438567237,NA,NA,NA,NA,NA,NA
2024-06-03,12:00:00,2024-06-03T12:00:00Z,5,Rubble_Dom,28.9,25.037,36.4,NA,NA,NA,NA,NA,8.065940803061075,NA,NA,8.042546836653036,NA,NA,NA,0.02339396640803848,NA,NA,NA,NA,NA,NA
2024-06-04,12:00:00,2024-06-04T12:00:00Z,5,Rubble_Dom,29.2,28.53,36.4,NA,NA,NA,NA,NA,8.067844352739133,NA,90.83983448,7.980346003757236,NA,NA,92.17197998,0.08749834898189679,NA,NA,-1.33214550000001,NA,NA,NA
2024-06-05,12:00:00,2024-06-05T12:00:00Z,5,Rubble_Dom,29.1,27.173,36.4,NA,NA,NA,NA,NA,8.052178101347753,NA,NA,7.971666824235446,NA,NA,NA,0.08051127711230688,NA,NA,NA,NA,NA,NA
2024-06-05,21:00:00,2024-06-05T21:00:00Z,5,Rubble_Dom,28.8,26.654,36.1,NA,NA,NA,NA,NA,7.927363288622911,NA,NA,8.008567191803229,NA,NA,NA,-0.08120390318031756,NA,NA,NA,NA,NA,NA
2024-06-06,12:00:00,2024-06-06T12:00:00Z,5,Rubble_Dom,29.3,28.467,36.4,130,16,1.141552511415525,2.433333333333333,2327.685,8.019407347679293,1992.3028079241838,137.21,7.999947225554922,2301.299,1982.5978343942352,164.5241326,0.01946012212437065,-26.385999999999967,-9.704973529948575,-27.314132599999994,-0.23399495703703674,0.0618646709621562,NA
2024-06-06,21:00:00,2024-06-06T21:00:00Z,5,Rubble_Dom,28.8,27.732,36.4,22,102,1.3440860215053763,2.066666666666667,2338.475,8.039949342768812,1993.606365704459,102.7639244,8.081450291612063,2354.9,1982.8173954830716,NA,-0.041500948843250285,16.425000000000182,-10.788970221387444,NA,0.12371066666666804,-0.28623251734973104,NA
2024-06-07,12:00:00,2024-06-07T12:00:00Z,5,Rubble_Dom,28.7,28.612,36.4,NA,NA,NA,NA,NA,8.134170657815398,NA,NA,8.019476284138372,NA,NA,NA,0.1146943736770254,NA,NA,NA,NA,NA,NA
2024-06-07,21:00:00,2024-06-07T21:00:00Z,5,Rubble_Dom,28.7,26.909,36.4,NA,NA,NA,NA,NA,7.9654158021003125,NA,NA,8.018528283776055,NA,NA,NA,-0.05311248167574245,NA,NA,NA,NA,NA,NA
2024-06-08,12:00:00,2024-06-08T12:00:00Z,5,Rubble_Dom,28.7,27.122,36.4,NA,NA,NA,NA,NA,7.987816094913475,NA,NA,8.004218107348636,NA,NA,NA,-0.016402012435161595,NA,NA,NA,NA,NA,NA
2024-06-08,21:00:00,2024-06-08T21:00:00Z,5,Rubble_Dom,28.6,26.122,36.4,NA,NA,NA,NA,NA,7.994734162440415,NA,NA,8.017957561288961,NA,NA,NA,-0.023223398848545962,NA,NA,NA,NA,NA,NA
2024-06-09,12:00:00,2024-06-09T12:00:00Z,5,Rubble_Dom,28.7,27.786,36.4,NA,NA,NA,NA,NA,8.023233108340284,NA,NA,7.968142993110272,NA,NA,NA,0.05509011523001206,NA,NA,NA,NA,NA,NA
2024-06-09,21:00:00,2024-06-09T21:00:00Z,5,Rubble_Dom,28.6,26.602,36.4,NA,NA,NA,NA,NA,7.977730864429308,NA,NA,7.9951304506635426,NA,NA,NA,-0.017399586234234654,NA,NA,NA,NA,NA,NA
2024-06-10,12:00:00,2024-06-10T12:00:00Z,5,Rubble_Dom,28.7,26.72,36.4,NA,NA,NA,NA,NA,8.114011052004036,NA,NA,8.005325806335957,NA,NA,NA,0.10868524566807913,NA,NA,NA,NA,NA,NA
2024-06-10,21:00:00,2024-06-10T21:00:00Z,5,Rubble_Dom,28.5,25.889,36.4,NA,NA,NA,NA,NA,7.941882436507283,NA,NA,8.003845969614433,NA,NA,NA,-0.06196353310714997,NA,NA,NA,NA,NA,NA
2024-06-11,12:00:00,2024-06-11T12:00:00Z,5,Rubble_Dom,50,27.646,36.4,360,100,0.36231884057971014,7.666666666666667,2339.986,7.780460428775325,1955.4935404155751,147.0577624,8.010184285239403,2360.581,2039.9802667738347,83.2812964,-0.22972385646407734,20.595000000000255,84.4867263582596,63.776466,0.5754395555555626,4.1458038788645135,NA
2024-06-11,21:00:00,2024-06-11T21:00:00Z,5,Rubble_Dom,27.2,26.038,36.3,46,86,1.2626262626262625,2.2,NA,7.998783060157344,NA,107.5096927,8.044539918296229,NA,NA,109.2581337,-0.045756858138884304,NA,NA,-1.7484409999999997,NA,NA,NA
2024-06-12,21:00:00,2024-06-12T21:00:00Z,5,Rubble_Dom,27.3,25.899,36.4,NA,NA,NA,NA,NA,7.985283488243291,NA,NA,8.041816171591535,NA,NA,NA,-0.05653268334824357,NA,NA,NA,NA,NA,NA
2024-06-13,12:00:00,2024-06-13T12:00:00Z,5,Rubble_Dom,27.4,25.774,36.4,NA,NA,NA,NA,NA,8.038874111609996,NA,NA,8.0546644215497345,NA,NA,NA,-0.015790309939738734,NA,NA,NA,NA,NA,NA
2024-06-13,21:00:00,2024-06-13T21:00:00Z,5,Rubble_Dom,27.3,26.506,36.3,NA,NA,NA,NA,NA,7.995312261126241,NA,NA,8.054178802618383,NA,NA,NA,-0.05886654149214188,NA,NA,NA,NA,NA,NA
2024-06-14,12:00:00,2024-06-14T12:00:00Z,5,Rubble_Dom,29.4,28.824,36.3,NA,NA,NA,NA,NA,8.19050741801886,NA,NA,8.044081034385364,NA,NA,NA,0.14642638363349647,NA,NA,NA,NA,NA,NA
2024-06-14,21:00:00,2024-06-14T21:00:00Z,5,Rubble_Dom,27.7,26.451,36.1,NA,NA,NA,NA,NA,7.960112223502194,NA,NA,8.074678608097239,NA,NA,NA,-0.11456638459504465,NA,NA,NA,NA,NA,NA
2024-06-15,12:00:00,2024-06-15T12:00:00Z,5,Rubble_Dom,29.4,28.891,36.2,NA,NA,NA,NA,NA,8.240515522015079,NA,NA,8.045686045211598,NA,NA,NA,0.19482947680348062,NA,NA,NA,NA,NA,NA
2024-06-15,21:00:00,2024-06-15T21:00:00Z,5,Rubble_Dom,28.1,27.054,36.2,NA,NA,NA,NA,NA,7.941027803947754,NA,NA,8.075885913649149,NA,NA,NA,-0.134858109701395,NA,NA,NA,NA,NA,NA
2024-06-16,12:00:00,2024-06-16T12:00:00Z,5,Rubble_Dom,30,28.998,36.2,34,6,4.166666666666667,0.6666666666666666,2217.519,8.131514154372335,1815.2185474418416,NA,8.045596537518659,2359.208,2006.5203464214983,89.6374344,0.08591761685367594,141.6890000000003,191.30179897965672,NA,0.3442517925925933,0.5853332454122572,NA
2024-06-16,21:00:00,2024-06-16T21:00:00Z,5,Rubble_Dom,28,24.184,36.2,1,32,5.05050505050505,0.55,2328.865,7.9504759835204135,2048.3800569487366,74.06798383,8.073453771153769,2354.242,1993.6190260425928,76.83218575,-0.12297778763335554,25.377000000000407,-54.76103090614379,-2.7642019199999908,0.05086678666666748,-0.27039767501040834,NA
2024-06-17,21:00:00,2024-06-17T21:00:00Z,5,Rubble_Dom,27.5,26.68,36,NA,NA,NA,NA,NA,8.055961202452519,NA,NA,8.054346511673607,NA,NA,NA,0.0016146907789114096,NA,NA,NA,NA,NA,NA
2024-06-18,12:00:00,2024-06-18T12:00:00Z,5,Rubble_Dom,27.7,27.531,36.1,NA,NA,NA,NA,NA,8.079032442462589,NA,NA,8.03682743235098,NA,NA,NA,0.04220501011160849,NA,NA,NA,NA,NA,NA
2024-06-18,21:00:00,2024-06-18T21:00:00Z,5,Rubble_Dom,26.8,25.981,36.1,NA,NA,NA,NA,NA,7.982416756869405,NA,NA,7.983191605774758,NA,NA,NA,-7.748489053529539e-4,NA,NA,NA,NA,NA,NA
2024-06-19,12:00:00,2024-06-19T12:00:00Z,5,Rubble_Dom,27.7,27.575,36.2,NA,NA,NA,NA,NA,8.081037383019423,NA,NA,8.01634947062482,NA,NA,NA,0.06468791239460181,NA,NA,NA,NA,NA,NA
2024-06-19,21:00:00,2024-06-19T21:00:00Z,5,Rubble_Dom,27.1,26.19,36.2,NA,NA,NA,NA,NA,8.04594841318264,NA,NA,NA,NA,NA,NA,NA,NA,NA,NA,NA,NA,NA
2024-06-20,12:00:00,2024-06-20T12:00:00Z,5,Rubble_Dom,27.8,26.833,36.1,200,142,0.4873294346978557,5.7,NA,8.107393961726496,NA,90.89256524,8.08306538736559,2349.2845,1982.810761294699,99.05195645,0.024328574360906075,NA,NA,-8.15939121000001,NA,NA,NA
2024-06-20,21:00:00,2024-06-20T21:00:00Z,5,Rubble_Dom,27.1,26.397,36.2,139,199,0.49309664694280075,5.633333333333334,2362.387508,8.038153486573892,2034.102718366316,75.52501797,8.030525102764017,2367.620913,2042.9691259376807,146.5033956,0.007628383809874961,5.233405000000403,8.866407571364789,-70.97837763000001,0.10744374294815642,0.2566175196413939,NA
2024-06-24,12:00:00,2024-06-24T12:00:00Z,5,Rubble_Dom,27.6,25.718,36.8,NA,NA,NA,NA,NA,8.130728285028631,NA,NA,NA,NA,NA,NA,NA,NA,NA,NA,NA,NA,NA
2024-06-26,12:00:00,2024-06-26T12:00:00Z,5,Rubble_Dom,28.3,28.065,36.3,NA,NA,NA,NA,2362.287595,8.121935604397512,1965.545605914964,NA,NA,NA,NA,NA,NA,NA,NA,NA,NA,NA,NA
2024-06-26,21:00:00,2024-06-26T21:00:00Z,5,Rubble_Dom,27.2,24.633,36.3,NA,NA,NA,NA,2373.146052,8.041720221659995,2039.7908936429692,NA,NA,NA,NA,NA,NA,NA,NA,NA,NA,NA,NA
2024-06-02,12:00:00,2024-06-02T12:00:00Z,6,Coral_Dom,29,27.88,36.4,0,134,1.243781094527363,2.2333333333333334,2289.006,8.080788857750262,1920.799237629812,183.9720693,8.024367772171592,2355.042,2015.7582612525775,146.0891816,0.05642108557866976,66.03600000000006,94.95902362276547,37.8828877,0.5374841244444449,1.0083081000991805,NA
2024-06-02,15:00:00,2024-06-02T15:00:00Z,6,Coral_Dom,29,28.16,36.4,NA,NA,NA,NA,NA,8.05316089509129,NA,NA,8.043323656191033,NA,NA,NA,0.009837238900257006,NA,NA,NA,NA,NA,NA
2024-06-02,18:00:00,2024-06-02T18:00:00Z,6,Coral_Dom,28.8,27.49,36.4,58,160,0.764525993883792,3.6333333333333333,2333.561,8.007465058343824,2009.8275589661325,128.7518629,8.047156502599965,2326.905,1980.529556826587,103.9406529,-0.039691444256140684,-6.655999999999949,-29.298002139545588,24.81120999999999,-0.08813530074074007,-0.6877626048096555,NA
2024-06-02,21:00:00,2024-06-02T21:00:00Z,6,Coral_Dom,36.5,26.05,36.4,NA,NA,NA,NA,NA,7.877701589514259,NA,NA,8.053264358408311,NA,NA,NA,-0.17556276889405265,NA,NA,NA,NA,NA,NA
2024-06-03,00:00:00,2024-06-03T00:00:00Z,6,Coral_Dom,28.3,25.415,36.6,48,146,0.8591065292096219,3.2333333333333334,2337.276,7.992569642113831,2025.4433231711969,94.86541167,8.051498166863787,2363.69,2014.5227143064,322.0794791,-0.058928524749956246,26.414000000000215,-10.920608864796804,-227.21406743,0.3112547496296322,-0.5686251878832435,NA
2024-06-03,06:00:00,2024-06-03T06:00:00Z,6,Coral_Dom,28.1,25.92,36.3,120,20,1.1904761904761905,2.3333333333333335,2343.304,7.983056006254005,2040.7759543057423,83.37565671,8.026027760005318,2343.007,2013.2579869185145,NA,-0.04297175375131346,-0.29700000000002547,-27.517967387227827,NA,-0.0025256000000002166,-0.46548368237833376,NA
2024-06-03,09:00:00,2024-06-03T09:00:00Z,6,Coral_Dom,28.8,26.317,36.4,NA,NA,NA,NA,NA,7.972166801943083,NA,NA,8.038157393089975,NA,NA,NA,-0.06599059114689165,NA,NA,NA,NA,NA,NA
2024-06-03,12:00:00,2024-06-03T12:00:00Z,6,Coral_Dom,28.9,25.12,36.4,NA,NA,NA,NA,NA,8.057767285365342,NA,NA,8.042546836653036,NA,NA,NA,0.015220448712305767,NA,NA,NA,NA,NA,NA
2024-06-04,12:00:00,2024-06-04T12:00:00Z,6,Coral_Dom,29.4,28.48,36.4,NA,NA,NA,NA,NA,8.059641804234774,NA,95.83538012,7.980346003757236,NA,NA,92.17197998,0.0792958004775377,NA,NA,3.663400139999993,NA,NA,NA
2024-06-05,12:00:00,2024-06-05T12:00:00Z,6,Coral_Dom,29.1,27.456,36.4,NA,NA,NA,NA,NA,8.059674027458964,NA,NA,7.971666824235446,NA,NA,NA,0.08800720322351818,NA,NA,NA,NA,NA,NA
2024-06-05,21:00:00,2024-06-05T21:00:00Z,6,Coral_Dom,28.7,26.585,36.4,NA,NA,NA,NA,NA,7.976163424889208,NA,NA,8.008567191803229,NA,NA,NA,-0.03240376691402069,NA,NA,NA,NA,NA,NA
2024-06-06,12:00:00,2024-06-06T12:00:00Z,6,Coral_Dom,29.6,28.365,36.4,58,12,2.380952380952381,1.1666666666666667,2287.289,8.027898386609813,1947.8128724551993,154.8660777,7.999947225554922,2301.299,1982.5978343942352,164.5241326,0.02795116105489104,14.009999999999764,34.78496193903584,-9.658054899999996,0.059568444444443425,0.2362325652297279,NA
2024-06-06,21:00:00,2024-06-06T21:00:00Z,6,Coral_Dom,28.7,27.85,36.4,70,258,0.508130081300813,5.466666666666667,2343.815,8.048503834321343,1993.803932335143,89.77550573,8.081450291612063,2354.9,1982.8173954830716,NA,-0.03294645729071988,11.085000000000036,-10.986536852071367,NA,0.2208460444444451,-0.6586147780345362,NA
2024-06-07,12:00:00,2024-06-07T12:00:00Z,6,Coral_Dom,29.2,28.552,36.4,NA,NA,NA,NA,NA,8.163057677329103,NA,NA,8.019476284138372,NA,NA,NA,0.14358139319073082,NA,NA,NA,NA,NA,NA
2024-06-07,21:00:00,2024-06-07T21:00:00Z,6,Coral_Dom,28.5,26.817,36.4,NA,NA,NA,NA,NA,7.974867673241778,NA,NA,8.018528283776055,NA,NA,NA,-0.04366061053427739,NA,NA,NA,NA,NA,NA
2024-06-08,12:00:00,2024-06-08T12:00:00Z,6,Coral_Dom,28.8,27.234,36.4,NA,NA,NA,NA,NA,7.979938165292398,NA,NA,8.004218107348636,NA,NA,NA,-0.02427994205623829,NA,NA,NA,NA,NA,NA
2024-06-08,21:00:00,2024-06-08T21:00:00Z,6,Coral_Dom,28.5,26.657,36.4,NA,NA,NA,NA,NA,7.960983514492905,NA,NA,8.017957561288961,NA,NA,NA,-0.05697404679605622,NA,NA,NA,NA,NA,NA
2024-06-09,12:00:00,2024-06-09T12:00:00Z,6,Coral_Dom,28.8,28.705,36.4,NA,NA,NA,NA,NA,8.144566703599303,NA,NA,7.968142993110272,NA,NA,NA,0.17642371048903094,NA,NA,NA,NA,NA,NA
2024-06-09,21:00:00,2024-06-09T21:00:00Z,6,Coral_Dom,28.5,26.51,36.4,NA,NA,NA,NA,NA,7.895222989056219,NA,NA,7.9951304506635426,NA,NA,NA,-0.09990746160732389,NA,NA,NA,NA,NA,NA
2024-06-10,12:00:00,2024-06-10T12:00:00Z,6,Coral_Dom,28.8,27.097,36.4,NA,NA,NA,NA,NA,8.141990927296444,NA,NA,8.005325806335957,NA,NA,NA,0.13666512096048677,NA,NA,NA,NA,NA,NA
2024-06-10,21:00:00,2024-06-10T21:00:00Z,6,Coral_Dom,28.3,25.932,36.4,NA,NA,NA,NA,NA,7.940004158036619,NA,NA,8.003845969614433,NA,NA,NA,-0.06384181157781388,NA,NA,NA,NA,NA,NA
2024-06-11,12:00:00,2024-06-11T12:00:00Z,6,Coral_Dom,28.6,28.022,36.5,20,30,3.333333333333333,0.8333333333333334,2297.974,8.221314996877728,1832.737107836209,129.4068345,8.010184285239403,2360.581,2039.9802667738347,83.2812964,0.21113071163832586,62.60699999999997,207.24315893762582,46.1255381,0.19013977777777774,1.068670520954468,NA
2024-06-11,21:00:00,2024-06-11T21:00:00Z,6,Coral_Dom,27,25.97,36.4,36,31,2.487562189054726,1.1166666666666667,NA,7.974929733700428,NA,68.06153402,8.044539918296229,NA,NA,109.2581337,-0.06961018459580082,NA,NA,-41.196599680000006,NA,NA,NA
2024-06-12,21:00:00,2024-06-12T21:00:00Z,6,Coral_Dom,27.3,25.767,36.5,NA,NA,NA,NA,NA,8.017047201612991,NA,NA,8.041816171591535,NA,NA,NA,-0.02476896997854361,NA,NA,NA,NA,NA,NA
2024-06-13,12:00:00,2024-06-13T12:00:00Z,6,Coral_Dom,27.4,25.824,36.4,NA,NA,NA,NA,NA,8.03061233463123,NA,NA,8.0546644215497345,NA,NA,NA,-0.02405208691850369,NA,NA,NA,NA,NA,NA
2024-06-13,21:00:00,2024-06-13T21:00:00Z,6,Coral_Dom,27.3,26.32,36.3,NA,NA,NA,NA,NA,8.048520479582146,NA,NA,8.054178802618383,NA,NA,NA,-0.005658323036236368,NA,NA,NA,NA,NA,NA
2024-06-14,12:00:00,2024-06-14T12:00:00Z,6,Coral_Dom,28.3,28.159,36.1,NA,NA,NA,NA,NA,8.088339501033326,NA,NA,8.044081034385364,NA,NA,NA,0.04425846664796218,NA,NA,NA,NA,NA,NA
2024-06-14,21:00:00,2024-06-14T21:00:00Z,6,Coral_Dom,27.5,26.773,36.1,NA,NA,NA,NA,NA,8.046366703584901,NA,NA,8.074678608097239,NA,NA,NA,-0.02831190451233745,NA,NA,NA,NA,NA,NA
2024-06-15,12:00:00,2024-06-15T12:00:00Z,6,Coral_Dom,28.4,28.103,36.2,NA,NA,NA,NA,NA,8.085179169114665,NA,NA,8.045686045211598,NA,NA,NA,0.039493123903067584,NA,NA,NA,NA,NA,NA
2024-06-15,21:00:00,2024-06-15T21:00:00Z,6,Coral_Dom,27.8,26.691,36.2,NA,NA,NA,NA,NA,8.045102073793228,NA,NA,8.075885913649149,NA,NA,NA,-0.030783839855921258,NA,NA,NA,NA,NA,NA
2024-06-16,12:00:00,2024-06-16T12:00:00Z,6,Coral_Dom,28.3,28.1,36.2,264,154,0.3987240829346092,6.966666666666667,2339.006,8.066633471443149,1983.2463344100865,NA,8.045596537518659,2359.208,2006.5203464214983,89.6374344,0.021036933924490242,20.202000000000226,23.27401201141174,NA,0.5129212977777836,0.6689157921528074,NA
2024-06-16,21:00:00,2024-06-16T21:00:00Z,6,Coral_Dom,27.8,23.948,36.2,122,268,0.42735042735042733,6.5,2352.745,8.052234166444626,2009.7816006124217,81.14500681,8.073453771153769,2354.242,1993.6190260425928,76.83218575,-0.021219604709143525,1.4970000000002983,-16.16257456982885,4.3128210600000045,0.035462266666673736,-0.8012091329527873,NA
2024-06-17,21:00:00,2024-06-17T21:00:00Z,6,Coral_Dom,27.3,26.719,36.1,NA,NA,NA,NA,NA,8.025761439628184,NA,NA,8.054346511673607,NA,NA,NA,-0.028585072045423487,NA,NA,NA,NA,NA,NA
2024-06-18,12:00:00,2024-06-18T12:00:00Z,6,Coral_Dom,27.5,27.436,36.2,NA,NA,NA,NA,NA,8.107184269011388,NA,NA,8.03682743235098,NA,NA,NA,0.07035683666040704,NA,NA,NA,NA,NA,NA
2024-06-18,21:00:00,2024-06-18T21:00:00Z,6,Coral_Dom,26.6,25.685,36.2,NA,NA,NA,NA,NA,7.956145549242193,NA,NA,7.983191605774758,NA,NA,NA,-0.027046056532564755,NA,NA,NA,NA,NA,NA
2024-06-19,12:00:00,2024-06-19T12:00:00Z,6,Coral_Dom,27.5,27.557,36.1,NA,NA,NA,NA,NA,8.12072553582194,NA,NA,8.01634947062482,NA,NA,NA,0.10437606519711906,NA,NA,NA,NA,NA,NA
2024-06-19,21:00:00,2024-06-19T21:00:00Z,6,Coral_Dom,26.8,26.041,36.2,NA,NA,NA,NA,NA,7.9861753953389005,NA,NA,NA,NA,NA,NA,NA,NA,NA,NA,NA,NA,NA
2024-06-20,12:00:00,2024-06-20T12:00:00Z,6,Coral_Dom,27.6,26.908,36.2,46,50,1.736111111111111,1.6,NA,8.172988352712643,NA,105.2963885,8.08306538736559,2349.2845,1982.810761294699,99.05195645,0.08992296534705346,NA,NA,6.24443205,NA,NA,NA
2024-06-20,21:00:00,2024-06-20T21:00:00Z,6,Coral_Dom,26.9,26.103,36.4,54,40,1.7730496453900708,1.5666666666666667,2333.989513,7.981901833451945,2042.836297250078,78.86370764,8.030525102764017,2367.620913,2042.9691259376807,146.5033956,-0.04862326931207139,33.63140000000021,0.13282868760279598,-67.63968796,0.19202283792592717,-0.19050603270512367,NA
2024-06-24,12:00:00,2024-06-24T12:00:00Z,6,Coral_Dom,27.3,25.339,36.8,NA,NA,NA,NA,NA,8.147800666309905,NA,NA,NA,NA,NA,NA,NA,NA,NA,NA,NA,NA,NA
2024-06-26,12:00:00,2024-06-26T12:00:00Z,6,Coral_Dom,28.6,28.095,36.3,NA,NA,NA,NA,2339.893643,8.209380314902116,1879.5186399124673,NA,NA,NA,NA,NA,NA,NA,NA,NA,NA,NA,NA
2024-06-26,21:00:00,2024-06-26T21:00:00Z,6,Coral_Dom,26.9,24.431,36.3,NA,NA,NA,NA,2322.248517,7.961386914457895,2044.6914397710914,NA,NA,NA,NA,NA,NA,NA,NA,NA,NA,NA,NA
2024-06-02,12:00:00,2024-06-02T12:00:00Z,7,Coral_Dom,28.7,27.893,36.4,432,541,0.17129153819801302,16.216666666666665,2346.496,8.038593116048347,2002.6366872467065,147.0882907,8.024367772171592,2355.042,2015.7582612525775,146.0891816,0.014225343876754337,8.545999999999822,13.121574005871025,0.9991090999999983,0.5050749303703598,1.0459145564924932,NA
2024-06-02,15:00:00,2024-06-02T15:00:00Z,7,Coral_Dom,28.9,28.036,36.4,NA,NA,NA,NA,NA,8.04096629871583,NA,NA,8.043323656191033,NA,NA,NA,-0.002357357475203159,NA,NA,NA,NA,NA,NA
2024-06-02,18:00:00,2024-06-02T18:00:00Z,7,Coral_Dom,28.6,27.59,36.4,388,800,0.1402918069584736,19.8,2315.251,8.004109391197263,1997.2291654370106,110.0185668,8.047156502599965,2326.905,1980.529556826587,103.9406529,-0.04304711140270179,11.653999999999996,-16.69960861042364,6.077913899999999,0.8409526399999998,-3.251040154656339,NA
2024-06-02,21:00:00,2024-06-02T21:00:00Z,7,Coral_Dom,28.4,25.92,36.4,NA,NA,NA,NA,NA,7.992136847429677,NA,NA,8.053264358408311,NA,NA,NA,-0.06112751097863445,NA,NA,NA,NA,NA,NA
2024-06-03,00:00:00,2024-06-03T00:00:00Z,7,Coral_Dom,28.2,25.156,36.4,5,203,0.8012820512820513,3.466666666666667,2318.561,7.982799551301113,2016.791611238705,92.36763886,8.051498166863787,2363.69,2014.5227143064,322.0794791,-0.06869861556267409,45.128999999999905,-2.2688969323048696,-229.71184024000002,0.5701631288888876,-0.627493952707246,NA
2024-06-03,06:00:00,2024-06-03T06:00:00Z,7,Coral_Dom,28,25.877,26.2,160,5,1.01010101010101,2.75,2306.044,7.956756253779989,2090.9000870047307,99.11162547,8.026027760005318,2343.007,2013.2579869185145,NA,-0.06927150622532885,36.96300000000019,-77.64210008621626,NA,0.370451400000002,-1.926744161728159,NA
2024-06-03,09:00:00,2024-06-03T09:00:00Z,7,Coral_Dom,28.8,26.652,36.4,NA,NA,NA,NA,NA,7.976523354447687,NA,NA,8.038157393089975,NA,NA,NA,-0.061634038642288225,NA,NA,NA,NA,NA,Very Overcast day for all 9am and noon samples
2024-06-03,12:00:00,2024-06-03T12:00:00Z,7,Coral_Dom,28.9,24.97,36.4,NA,NA,NA,NA,NA,8.040518326309964,NA,NA,8.042546836653036,NA,NA,NA,-0.002028510343071943,NA,NA,NA,NA,NA,NA
2024-06-04,12:00:00,2024-06-04T12:00:00Z,7,Coral_Dom,29.4,28.7,36.4,NA,NA,NA,NA,NA,8.041907977734878,NA,95.08604827,7.980346003757236,NA,NA,92.17197998,0.06156197397764185,NA,NA,2.914068290000003,NA,NA,NA
2024-06-05,12:00:00,2024-06-05T12:00:00Z,7,Coral_Dom,29.2,27.393,36.4,NA,NA,NA,NA,NA,8.031202709111401,NA,NA,7.971666824235446,NA,NA,NA,0.05953588487595507,NA,NA,NA,NA,NA,NA
2024-06-05,21:00:00,2024-06-05T21:00:00Z,7,Coral_Dom,28.6,26.394,36.4,NA,NA,NA,NA,NA,7.990515161332041,NA,NA,8.008567191803229,NA,NA,NA,-0.018052030471187308,NA,NA,NA,NA,NA,NA
2024-06-06,12:00:00,2024-06-06T12:00:00Z,7,Coral_Dom,29.1,28.469,36.4,750,418,0.14269406392694062,19.466666666666665,2336.044,7.995749343363135,2016.5743324549974,160.2779189,7.999947225554922,2301.299,1982.5978343942352,164.5241326,-0.004197882191786739,-34.74499999999989,-33.9764980607622,-4.246213699999998,NA,-2.3559474344704667,NA
2024-06-06,21:00:00,2024-06-06T21:00:00Z,7,Coral_Dom,28.6,27.758,36.4,310,632,0.17692852087756544,15.7,2322.04,8.06315284168477,1965.768557888178,104.8454017,8.081450291612063,2354.9,1982.8173954830716,NA,-0.01829744992729232,32.86000000000013,17.048837594893484,NA,NA,0.07081702397029233,NA
2024-06-07,12:00:00,2024-06-07T12:00:00Z,7,Coral_Dom,29.1,28.483,36.4,NA,NA,NA,NA,NA,8.069242156405878,NA,NA,8.019476284138372,NA,NA,NA,0.049765872267505173,NA,NA,NA,NA,NA,NA
2024-06-07,21:00:00,2024-06-07T21:00:00Z,7,Coral_Dom,28.3,26.805,36.4,NA,NA,NA,NA,NA,7.996299871415423,NA,NA,8.018528283776055,NA,NA,NA,-0.022228412360632,NA,NA,NA,NA,NA,NA
2024-06-08,12:00:00,2024-06-08T12:00:00Z,7,Coral_Dom,29.1,27.076,36.4,NA,NA,NA,NA,NA,7.9916486082261216,NA,NA,8.004218107348636,NA,NA,NA,-0.012569499122514927,NA,NA,NA,NA,NA,NA
2024-06-08,21:00:00,2024-06-08T21:00:00Z,7,Coral_Dom,28.3,26.896,36.4,NA,NA,NA,NA,NA,7.994895093114248,NA,NA,8.017957561288961,NA,NA,NA,-0.02306246817471269,NA,NA,NA,NA,NA,NA
2024-06-09,12:00:00,2024-06-09T12:00:00Z,7,Coral_Dom,29.1,28.13,36.4,NA,NA,NA,NA,NA,8.023149815026612,NA,NA,7.968142993110272,NA,NA,NA,0.05500682191633999,NA,NA,NA,NA,NA,NA
2024-06-09,21:00:00,2024-06-09T21:00:00Z,7,Coral_Dom,28.3,26.596,36.4,NA,NA,NA,NA,NA,7.96885528484025,NA,NA,7.9951304506635426,NA,NA,NA,-0.026275165823292923,NA,NA,NA,NA,NA,NA
2024-06-10,12:00:00,2024-06-10T12:00:00Z,7,Coral_Dom,29.1,27.039,36.4,NA,NA,NA,NA,NA,8.080265727432907,NA,NA,8.005325806335957,NA,NA,NA,0.07493992109695036,NA,NA,NA,NA,NA,NA
2024-06-10,21:00:00,2024-06-10T21:00:00Z,7,Coral_Dom,28.3,25.75,36.4,NA,NA,NA,NA,NA,7.9629330877303595,NA,NA,8.003845969614433,NA,NA,NA,-0.040912881884073826,NA,NA,NA,NA,NA,NA
2024-06-11,12:00:00,2024-06-11T12:00:00Z,7,Coral_Dom,27.7,27.795,36.5,174,22,0.8503401360544216,3.2666666666666666,2301.539,8.112421793505089,1922.9709676122511,118.2501159,8.010184285239403,2360.581,2039.9802667738347,83.2812964,0.10223750826568612,59.041999999999916,117.00929916158361,34.968819499999995,0.7029059437037029,2.0831288061110707,NA
2024-06-11,21:00:00,2024-06-11T21:00:00Z,7,Coral_Dom,27.2,26.13,36.4,8,130,1.2077294685990339,2.3,NA,7.975741600889149,NA,90.02528301,8.044539918296229,NA,NA,109.2581337,-0.06879831740707942,NA,NA,-19.232850690000006,NA,NA,NA
2024-06-12,21:00:00,2024-06-12T21:00:00Z,7,Coral_Dom,27.4,25.934,36.5,NA,NA,NA,NA,NA,7.973997624180148,NA,NA,8.041816171591535,NA,NA,NA,-0.06781854741138638,NA,NA,NA,NA,NA,NA
2024-06-13,12:00:00,2024-06-13T12:00:00Z,7,Coral_Dom,27.4,25.971,36.4,NA,NA,NA,NA,NA,8.005830784605267,NA,NA,8.0546644215497345,NA,NA,NA,-0.048833636944467074,NA,NA,NA,NA,NA,NA
2024-06-13,21:00:00,2024-06-13T21:00:00Z,7,Coral_Dom,27.3,26.589,36.2,NA,NA,NA,NA,NA,8.0020712390276,NA,NA,8.054178802618383,NA,NA,NA,-0.05210756359078239,NA,NA,NA,NA,NA,NA
2024-06-14,12:00:00,2024-06-14T12:00:00Z,7,Coral_Dom,28.7,28.615,36.1,NA,NA,NA,NA,NA,8.14526794330867,NA,NA,8.044081034385364,NA,NA,NA,0.10118690892330662,NA,NA,NA,NA,NA,NA
2024-06-14,21:00:00,2024-06-14T21:00:00Z,7,Coral_Dom,27.6,26.07,36.1,NA,NA,NA,NA,NA,7.992369424179669,NA,NA,8.074678608097239,NA,NA,NA,-0.08230918391756958,NA,NA,NA,NA,NA,NA
2024-06-15,12:00:00,2024-06-15T12:00:00Z,7,Coral_Dom,28.7,28.315,36.2,NA,NA,NA,NA,NA,8.169742773874978,NA,NA,8.045686045211598,NA,NA,NA,0.1240567286633798,NA,NA,NA,NA,NA,NA
2024-06-15,21:00:00,2024-06-15T21:00:00Z,7,Coral_Dom,27.8,26.619,36.2,NA,NA,NA,NA,NA,7.992870556040186,NA,NA,8.075885913649149,NA,NA,NA,-0.0830153576089625,NA,NA,NA,NA,NA,NA
2024-06-16,12:00:00,2024-06-16T12:00:00Z,7,Coral_Dom,29,28.594,36.2,44,0,3.7878787878787876,0.7333333333333333,2299.68,8.195897085316705,1851.4201770814548,89.13787983,8.045596537518659,2359.208,2006.5203464214983,89.6374344,0.15030054779804658,59.52800000000025,155.10016934004352,-0.4995545700000008,0.1590940918518525,0.6699450355242615,NA
2024-06-16,21:00:00,2024-06-16T21:00:00Z,7,Coral_Dom,27.9,24.166,36.2,0,46,3.623188405797101,0.7666666666666667,2364.298,7.950250259075062,2081.8280764011974,77.84794669,8.073453771153769,2354.242,1993.6190260425928,76.83218575,-0.12320351207870672,-10.055999999999585,-88.2090503586046,1.015760940000007,-0.02809720888888773,-0.46482803252245536,NA
2024-06-17,21:00:00,2024-06-17T21:00:00Z,7,Coral_Dom,27.4,26.848,36.1,NA,NA,NA,NA,NA,7.977623129564182,NA,NA,8.054346511673607,NA,NA,NA,-0.07672338210942531,NA,NA,NA,NA,NA,NA
2024-06-18,12:00:00,2024-06-18T12:00:00Z,7,Coral_Dom,28.1,27.712,36.1,NA,NA,NA,NA,NA,8.178903261517323,NA,NA,8.03682743235098,NA,NA,NA,0.14207582916634287,NA,NA,NA,NA,NA,NA
2024-06-18,21:00:00,2024-06-18T21:00:00Z,7,Coral_Dom,26.6,25.902,36.2,NA,NA,NA,NA,NA,7.901295103317829,NA,NA,7.983191605774758,NA,NA,NA,-0.08189650245692892,NA,NA,NA,NA,NA,NA
2024-06-19,12:00:00,2024-06-19T12:00:00Z,7,Coral_Dom,28.2,27.753,36.1,NA,NA,NA,NA,NA,8.190860841936665,NA,NA,8.01634947062482,NA,NA,NA,0.17451137131184424,NA,NA,NA,NA,NA,NA
2024-06-19,21:00:00,2024-06-19T21:00:00Z,7,Coral_Dom,26.9,26.194,36.2,NA,NA,NA,NA,NA,7.927960770817541,NA,NA,NA,NA,NA,NA,NA,NA,NA,NA,NA,NA,NA
2024-06-20,12:00:00,2024-06-20T12:00:00Z,7,Coral_Dom,28.2,27.022,36.2,98,0,1.7006802721088432,1.6333333333333333,2337.28948,8.164030371720484,1915.8930187399617,180.9789049,8.08306538736559,2349.2845,1982.810761294699,99.05195645,0.0809649843548943,11.995020000000295,66.91774255473729,81.92694845,0.07140146720000176,0.725266650088693,NA
2024-06-20,21:00:00,2024-06-20T21:00:00Z,7,Coral_Dom,27,26.207,36.2,0,95,1.7543859649122806,1.5833333333333333,2371.882728,7.955062707331345,2093.711953376115,85.23094685,8.030525102764017,2367.620913,2042.9691259376807,146.5033956,-0.07546239543267141,-4.261814999999842,-50.74282743843446,-61.27244875000001,-0.024592250999999093,-0.5610175649191187,NA
2024-06-24,12:00:00,2024-06-24T12:00:00Z,7,Coral_Dom,27.9,25.691,36.9,NA,NA,NA,NA,NA,8.314843239536442,NA,NA,NA,NA,NA,NA,NA,NA,NA,NA,NA,NA,NA
2024-06-26,12:00:00,2024-06-26T12:00:00Z,7,Coral_Dom,30.1,27.935,36.4,NA,NA,NA,NA,2326.05686,8.281357921806233,1793.4187355287543,NA,NA,NA,NA,NA,NA,NA,NA,NA,NA,NA,NA
2024-06-26,21:00:00,2024-06-26T21:00:00Z,7,Coral_Dom,27,24.463,36.3,NA,NA,NA,NA,2393.878762,7.95491441456687,2113.2710513221687,NA,NA,NA,NA,NA,NA,NA,NA,NA,NA,NA,NA
2024-06-02,12:00:00,2024-06-02T12:00:00Z,8,Control,28.8,27.992,36.4,52,274,0.5112474437627812,5.433333333333334,2356.019,8.034008291834432,2013.167827839841,137.4302358,8.024367772171592,2355.042,2015.7582612525775,146.0891816,0.009640519662839964,-0.9769999999998618,2.590433412736502,-8.658945799999998,-0.019346047407404667,0.1219348859100301,NA
2024-06-02,15:00:00,2024-06-02T15:00:00Z,8,Control,28.8,28.26,36.4,NA,NA,NA,NA,NA,8.043132759455556,NA,NA,8.043323656191033,NA,NA,NA,-1.9089673547689756e-4,NA,NA,NA,NA,NA,NA
2024-06-02,18:00:00,2024-06-02T18:00:00Z,8,Control,28.6,27.53,36.4,356,255,0.27277686852154936,10.183333333333334,2346.573,8.05246427110368,1994.6623829913308,492.32,8.047156502599965,2326.905,1980.529556826587,103.9406529,0.005307768503715948,-19.667999999999665,-14.132826164743847,388.3793471,-0.7299304711110987,-0.3190811681570437,NA
2024-06-02,21:00:00,2024-06-02T21:00:00Z,8,Control,28.4,25.75,36.4,NA,NA,NA,NA,NA,8.060491764182764,NA,NA,8.053264358408311,NA,NA,NA,0.007227405774452578,NA,NA,NA,NA,NA,NA
2024-06-03,00:00:00,2024-06-03T00:00:00Z,8,Control,28.2,25.343,36.4,330,240,0.29239766081871343,9.5,2355.957,8.047245541646221,2010.3646001809034,85.79017043,8.051498166863787,2363.69,2014.5227143064,322.0794791,-0.004252625217565864,7.733000000000175,4.158114125496695,-236.28930867000003,0.2677336444444505,0.020192658112165085,NA
2024-06-03,06:00:00,2024-06-03T06:00:00Z,8,Control,28,25.841,36.3,170,255,0.392156862745098,7.083333333333333,2420.65,8.039772501065098,2076.0401573366444,82.19754053,8.026027760005318,2343.007,2013.2579869185145,NA,0.013744741059779741,-77.64300000000003,-62.78217041812991,NA,-2.004339666666668,-1.2370805393656692,NA
2024-06-03,09:00:00,2024-06-03T09:00:00Z,8,Control,28.5,26.547,36.4,NA,NA,NA,NA,NA,7.970703593430497,NA,NA,8.038157393089975,NA,NA,NA,-0.06745379965947773,NA,NA,NA,NA,NA,NA
2024-06-03,12:00:00,2024-06-03T12:00:00Z,8,Control,28.6,24.77,36.4,NA,NA,NA,NA,NA,8.054618137599746,NA,NA,8.042546836653036,NA,NA,NA,0.01207130094670994,NA,NA,NA,NA,NA,NA
2024-06-04,12:00:00,2024-06-04T12:00:00Z,8,Control,28.9,28.2,36.4,NA,NA,NA,NA,NA,7.9963280254560365,NA,94.91953009,7.980346003757236,NA,NA,92.17197998,0.015982021698800253,NA,NA,2.7475501099999917,NA,NA,NA
2024-06-05,12:00:00,2024-06-05T12:00:00Z,8,Control,28.9,27.156,36.4,NA,NA,NA,NA,NA,7.991575158920036,NA,NA,7.971666824235446,NA,NA,NA,0.0199083346845903,NA,NA,NA,NA,NA,NA
2024-06-05,21:00:00,2024-06-05T21:00:00Z,8,Control,28.6,26.452,36.4,NA,NA,NA,NA,NA,7.999069477322056,NA,NA,8.008567191803229,NA,NA,NA,-0.009497714481172537,NA,NA,NA,NA,NA,NA
2024-06-06,12:00:00,2024-06-06T12:00:00Z,8,Control,29,28.309,36.4,200,360,0.2976190476190476,9.333333333333334,2361.584,7.996799160782626,2039.928704303128,160.3611779,7.999947225554922,2301.299,1982.5978343942352,164.5241326,-0.003148064772296344,-60.284999999999854,-57.33086990889274,-4.1629547,NA,-1.8496147351353454,NA
2024-06-06,21:00:00,2024-06-06T21:00:00Z,8,Control,28.6,27.771,36.4,576,0,0.2893518518518518,9.6,2311.952,8.074900965645272,1949.053778036027,95.02082865,8.081450291612063,2354.9,1982.8173954830716,NA,-0.006549325966791031,42.947999999999865,33.76361744704445,NA,NA,0.8599454981611954,NA
2024-06-07,12:00:00,2024-06-07T12:00:00Z,8,Control,29,28.206,36.4,NA,NA,NA,NA,NA,8.038255962563904,NA,NA,8.019476284138372,NA,NA,NA,0.018779678425531188,NA,NA,NA,NA,NA,NA
2024-06-07,21:00:00,2024-06-07T21:00:00Z,8,Control,28.6,26.89,36.4,NA,NA,NA,NA,NA,8.045605519050403,NA,NA,8.018528283776055,NA,NA,NA,0.0270772352743478,NA,NA,NA,NA,NA,NA
2024-06-08,12:00:00,2024-06-08T12:00:00Z,8,Control,29,26.765,36.4,NA,NA,NA,NA,NA,8.015689408039163,NA,NA,8.004218107348636,NA,NA,NA,0.011471300690526931,NA,NA,NA,NA,NA,NA
2024-06-08,21:00:00,2024-06-08T21:00:00Z,8,Control,28.6,26.781,36.4,NA,NA,NA,NA,NA,8.021828032260364,NA,NA,8.017957561288961,NA,NA,NA,0.0038704709714032504,NA,NA,NA,NA,NA,NA
2024-06-09,12:00:00,2024-06-09T12:00:00Z,8,Control,29,27.854,36.4,NA,NA,NA,NA,NA,7.997133624924193,NA,NA,7.968142993110272,NA,NA,NA,0.028990631813921475,NA,NA,NA,NA,NA,NA
2024-06-09,21:00:00,2024-06-09T21:00:00Z,8,Control,28.6,26.314,36.4,NA,NA,NA,NA,NA,7.995306149558356,NA,NA,7.9951304506635426,NA,NA,NA,1.75698894813614e-4,NA,NA,NA,NA,NA,NA
2024-06-10,12:00:00,2024-06-10T12:00:00Z,8,Control,29,27.047,36.4,NA,NA,NA,NA,NA,8.021534836509682,NA,NA,8.005325806335957,NA,NA,NA,0.01620903017372477,NA,NA,NA,NA,NA,NA
2024-06-10,21:00:00,2024-06-10T21:00:00Z,8,Control,28.5,25.696,36.4,NA,NA,NA,NA,NA,8.00001890356395,NA,NA,8.003845969614433,NA,NA,NA,-0.003827066050483552,NA,NA,NA,NA,NA,NA
2024-06-11,12:00:00,2024-06-11T12:00:00Z,8,Control,27.8,27.606,36.4,148,194,0.4873294346978557,5.7,2360.023,8.016341876667317,2037.4986721133384,139.4811848,8.010184285239403,2360.581,2039.9802667738347,83.2812964,0.0061575914279146104,0.5579999999999927,2.4815946604962846,56.19988839999999,0.01159151999999985,0.09151046616141913,NA
2024-06-11,21:00:00,2024-06-11T21:00:00Z,8,Control,27.2,25.947,36.4,122,78,0.8333333333333333,3.3333333333333335,NA,8.039079705024031,NA,NA,8.044539918296229,NA,NA,109.2581337,-0.005460213272197478,NA,NA,368.7018663,NA,NA,NA
2024-06-12,21:00:00,2024-06-12T21:00:00Z,8,Control,27.4,25.869,36.4,NA,NA,NA,NA,NA,8.034108660075518,NA,NA,8.041816171591535,NA,NA,NA,-0.007707511516017007,NA,NA,NA,NA,NA,NA
2024-06-13,12:00:00,2024-06-13T12:00:00Z,8,Control,27.3,25.32,36.4,NA,NA,NA,NA,NA,8.035698569011958,NA,NA,8.0546644215497345,NA,NA,NA,-0.01896585253777694,NA,NA,NA,NA,NA,NA
2024-06-13,21:00:00,2024-06-13T21:00:00Z,8,Control,27.3,26.275,36.4,NA,NA,NA,NA,NA,8.063726733140193,NA,NA,8.054178802618383,NA,NA,NA,0.009547930521810244,NA,NA,NA,NA,NA,NA
2024-06-14,12:00:00,2024-06-14T12:00:00Z,8,Control,28.3,28.116,36.1,NA,NA,NA,NA,NA,8.06480468572023,NA,NA,8.044081034385364,NA,NA,NA,0.020723651334865423,NA,NA,NA,NA,NA,NA
2024-06-14,21:00:00,2024-06-14T21:00:00Z,8,Control,27.5,26.148,36.1,NA,NA,NA,NA,NA,8.066385079263258,NA,NA,8.074678608097239,NA,NA,NA,-0.008293528833981156,NA,NA,NA,NA,NA,NA
2024-06-15,12:00:00,2024-06-15T12:00:00Z,8,Control,28.4,28.048,36.2,NA,NA,NA,NA,NA,8.06830037921056,NA,NA,8.045686045211598,NA,NA,NA,0.02261433399896262,NA,NA,NA,NA,NA,NA
2024-06-15,21:00:00,2024-06-15T21:00:00Z,8,Control,27.8,26.513,36.2,NA,NA,NA,NA,NA,8.061371573070238,NA,NA,8.075885913649149,NA,NA,NA,-0.01451434057891099,NA,NA,NA,NA,NA,NA
2024-06-16,12:00:00,2024-06-16T12:00:00Z,8,Control,28.2,27.986,36.2,200,222,0.3949447077409163,7.033333333333333,2354.456,8.072860582276512,1993.9029642950272,199.7059566,8.045596537518659,2359.208,2006.5203464214983,89.6374344,0.027264044757853156,4.751999999999953,12.617382126471057,110.0685222,0.12180607999999879,0.5250263512657856,NA
2024-06-16,21:00:00,2024-06-16T21:00:00Z,8,Control,27.8,24.484,36.1,172,210,0.4363001745200698,6.366666666666666,2354.95,8.073817016681822,1998.5270979009008,73.56842926,8.073453771153769,2354.242,1993.6190260425928,76.83218575,3.632455280531133e-4,-0.7079999999996289,-4.908071858307949,-3.2637564899999916,-0.016427697777769167,-0.21133592131799106,NA
2024-06-17,21:00:00,2024-06-17T21:00:00Z,8,Control,27.3,26.754,36.2,NA,NA,NA,NA,NA,8.068051564924433,NA,NA,8.054346511673607,NA,NA,NA,0.013705053250825827,NA,NA,NA,NA,NA,NA
2024-06-18,12:00:00,2024-06-18T12:00:00Z,8,Control,27.9,27.534,36.2,NA,NA,NA,NA,NA,8.07282730156684,NA,NA,8.03682743235098,NA,NA,NA,0.03599986921585874,NA,NA,NA,NA,NA,NA
2024-06-18,21:00:00,2024-06-18T21:00:00Z,8,Control,26.5,25.773,36.3,NA,NA,NA,NA,NA,8.00360748765898,NA,NA,7.983191605774758,NA,NA,NA,0.020415881884222387,NA,NA,NA,NA,NA,NA
2024-06-19,12:00:00,2024-06-19T12:00:00Z,8,Control,28.3,27.817,36.3,NA,NA,NA,NA,NA,8.086116004465907,NA,NA,8.01634947062482,NA,NA,NA,0.06976653384108644,NA,NA,NA,NA,NA,NA
2024-06-19,21:00:00,2024-06-19T21:00:00Z,8,Control,26.8,25.949,36.3,NA,NA,NA,NA,NA,8.06855978334571,NA,NA,NA,NA,NA,NA,NA,NA,NA,NA,NA,NA,NA
2024-06-20,12:00:00,2024-06-20T12:00:00Z,8,Control,28.3,26.98,36.3,20,0,8.333333333333334,0.3333333333333333,2382.15286,8.100535966146726,1997.904473611014,101.7162475,8.08306538736559,2349.2845,1982.810761294699,99.05195645,0.017470578781136226,-32.86835999999994,-15.093712316315077,2.6642910499999886,-0.03992897066666659,0.0032568400018418153,NA
2024-06-20,21:00:00,2024-06-20T21:00:00Z,8,Control,27.2,26.084,36.2,0,24,6.944444444444444,0.4,2373.541366,8.06092128169775,2028.6314336285575,84.02368999,8.030525102764017,2367.620913,2042.9691259376807,146.5033956,0.030396178933733253,-5.920452999999725,14.337692309123213,-62.47970561000001,-0.008630704817777377,0.05043304328348773,NA
2024-06-24,12:00:00,2024-06-24T12:00:00Z,8,Control,27.5,25.795,37.1,NA,NA,NA,NA,NA,8.102839016452684,NA,NA,NA,NA,NA,NA,NA,NA,NA,NA,NA,NA,NA
2024-06-26,12:00:00,2024-06-26T12:00:00Z,8,Control,29,27.373,36.5,NA,NA,NA,NA,2376.598356,8.10301937519909,1982.1653772937857,NA,NA,NA,NA,NA,NA,NA,NA,NA,NA,NA,NA
2024-06-26,21:00:00,2024-06-26T21:00:00Z,8,Control,26.8,24.631,36.3,NA,NA,NA,NA,2382.340525,8.054589743559463,2043.6689258341496,NA,NA,NA,NA,NA,NA,NA,NA,NA,NA,NA,NA
2024-06-02,12:00:00,2024-06-02T12:00:00Z,9,Coral_Dom,29,28.188,36.4,116,424,0.30864197530864196,9,2344.891,8.048228157710797,1992.0031550310205,144.8402952,8.023945911823436,2343.183,2005.3802097773641,138.7623813,0.024282245887361498,-1.7080000000000837,13.377054746343674,6.077913900000027,-0.05602240000000275,0.9335571913601479,NA
2024-06-02,15:00:00,2024-06-02T15:00:00Z,9,Coral_Dom,28.9,28.31,36.4,NA,NA,NA,NA,NA,8.051771954511644,NA,NA,8.044910440316714,NA,NA,NA,0.006861514194929086,NA,NA,NA,NA,NA,NA
2024-06-02,18:00:00,2024-06-02T18:00:00Z,9,Coral_Dom,28.6,27.57,36.4,520,160,0.24509803921568626,11.333333333333334,2347.496,8.042537088317895,2001.9505219619266,140.5746543,8.048158791795464,2348.571,1999.2597315960065,113.0158942,-0.005621703477569184,1.074999999999818,-2.6907903659200656,27.558760099999986,0.044401481481473964,-0.26668069748695966,NA
2024-06-02,21:00:00,2024-06-02T21:00:00Z,9,Coral_Dom,28.4,25.71,36.2,NA,NA,NA,NA,NA,8.038109775843704,NA,NA,8.044447734591763,NA,NA,NA,-0.0063379587480589805,NA,NA,NA,NA,NA,NA
2024-06-03,00:00:00,2024-06-03T00:00:00Z,9,Coral_Dom,28.2,25.306,36.4,470,166,0.2620545073375262,10.6,NA,8.025274946334212,NA,88.78749781,8.013326415799584,2349.51,2026.1559736398362,318.5825972,0.011948530534628077,NA,NA,-229.79509939000002,NA,NA,NA
2024-06-03,06:00:00,2024-06-03T06:00:00Z,9,Coral_Dom,28,25.748,36.4,116,310,0.39123630672926446,7.1,2358.585,8.02290641630936,2030.2059294059093,150.703123,8.022910704031641,2346.113,2018.0196659611627,75.06639913,-4.287722282114714e-6,-12.472000000000207,-12.1862634447466,75.63672387000001,-0.3227199288888943,-0.3079327446694587,NA
2024-06-03,09:00:00,2024-06-03T09:00:00Z,9,Coral_Dom,28.7,26.427,36.4,NA,NA,NA,NA,NA,7.979040099291964,NA,NA,8.025277348304238,NA,NA,NA,-0.04623724901227355,NA,NA,NA,NA,NA,NA
2024-06-03,12:00:00,2024-06-03T12:00:00Z,9,Coral_Dom,28.7,24.79,36.4,NA,NA,NA,NA,NA,8.054830480487974,NA,NA,8.044381554478994,NA,NA,NA,0.010448926008979953,NA,NA,NA,NA,NA,NA
2024-06-04,12:00:00,2024-06-04T12:00:00Z,9,Coral_Dom,29.1,28.53,36.4,NA,NA,NA,NA,NA,8.00928035015977,NA,96.0851574,7.985961964711657,NA,NA,89.34117079,0.023318385448113155,NA,NA,6.743986609999993,NA,NA,NA
2024-06-05,12:00:00,2024-06-05T12:00:00Z,9,Coral_Dom,29.1,27.297,36.4,NA,NA,NA,NA,NA,8.007355503146545,NA,NA,7.955684110495497,NA,NA,NA,0.051671392651048365,NA,NA,NA,NA,NA,NA
2024-06-05,21:00:00,2024-06-05T21:00:00Z,9,Coral_Dom,28.6,25.899,36.4,NA,NA,NA,NA,NA,8.007493397854393,NA,NA,7.9906738000801685,NA,NA,NA,0.016819597774224704,NA,NA,NA,NA,NA,NA
2024-06-06,12:00:00,2024-06-06T12:00:00Z,9,Coral_Dom,29.2,28.182,36.4,320,332,0.2556237218813906,10.866666666666667,2332.194,8.008417789664293,2004.2559048573366,169.4364192,7.995661637354298,2331.111,2012.1711234693287,155.6986687,0.012756152309994384,-1.0830000000000837,7.915218611992032,13.737750499999976,-0.042890008888892196,0.6698222279578433,NA
2024-06-06,21:00:00,2024-06-06T21:00:00Z,9,Coral_Dom,28.6,27.94,36.4,342,402,0.22401433691756273,12.4,2355.482,8.060322809002153,1997.4472337194222,139.3979257,8.009516045314887,2275.838,1958.3230270421325,481.39,0.050806763687266,-79.64399999999978,-39.12420667728975,-341.9920743,NA,0.06306811115837085,NA
2024-06-07,12:00:00,2024-06-07T12:00:00Z,9,Coral_Dom,29.5,28.328,36.4,NA,NA,NA,NA,NA,8.062697063126617,NA,NA,7.999972399671594,NA,NA,NA,0.0627246634550227,NA,NA,NA,NA,NA,NA
2024-06-07,21:00:00,2024-06-07T21:00:00Z,9,Coral_Dom,28.6,27.223,36.4,NA,NA,NA,NA,NA,8.006375715801537,NA,NA,8.02264316579473,NA,NA,NA,-0.016267449993192074,NA,NA,NA,NA,NA,NA
2024-06-08,12:00:00,2024-06-08T12:00:00Z,9,Coral_Dom,28.7,27.213,36.4,NA,NA,NA,NA,NA,7.996455574576182,NA,NA,7.964903683745599,NA,NA,NA,0.03155189083058296,NA,NA,NA,NA,NA,NA
2024-06-08,21:00:00,2024-06-08T21:00:00Z,9,Coral_Dom,28.5,27.045,36.4,NA,NA,NA,NA,NA,8.002347889057065,NA,NA,8.042239520957045,NA,NA,NA,-0.03989163189998024,NA,NA,NA,NA,NA,NA
2024-06-09,12:00:00,2024-06-09T12:00:00Z,9,Coral_Dom,28.7,28.184,36.4,NA,NA,NA,NA,NA,8.016031439819141,NA,NA,7.967216744392893,NA,NA,NA,0.04881469542624828,NA,NA,NA,NA,NA,NA
2024-06-09,21:00:00,2024-06-09T21:00:00Z,9,Coral_Dom,28.5,26.744,36.4,NA,NA,NA,NA,NA,7.976323385994657,NA,NA,7.984542744223117,NA,NA,NA,-0.008219358228459761,NA,NA,NA,NA,NA,NA
2024-06-10,12:00:00,2024-06-10T12:00:00Z,9,Coral_Dom,28.7,27.383,36.4,NA,NA,NA,NA,NA,8.072279978865533,NA,NA,7.991096629559515,NA,NA,NA,0.08118334930601723,NA,NA,NA,NA,NA,NA
2024-06-10,21:00:00,2024-06-10T21:00:00Z,9,Coral_Dom,28.4,25.755,36.4,NA,NA,NA,NA,NA,7.973179868172406,NA,NA,8.004149754364992,NA,NA,NA,-0.030969886192585783,NA,NA,NA,NA,NA,NA
2024-06-11,12:00:00,2024-06-11T12:00:00Z,9,Coral_Dom,27.8,27.378,36.4,20,80,1.6666666666666665,1.6666666666666667,2283.74,8.129641644909837,1895.4731799058306,192.6004868,8.004939978475688,2365.709,2047.8780388739215,367.43,0.1247016664341487,81.96900000000005,152.40485896809082,-174.8295132,0.49788577777777815,1.353551027464214,NA
2024-06-11,21:00:00,2024-06-11T21:00:00Z,9,Coral_Dom,27.2,26.327,36.4,18,84,1.6339869281045751,1.7,NA,7.967942242994583,NA,78.39398758,8.03873994069846,NA,NA,88.69313751,-0.07079769770387578,NA,NA,-10.299149929999999,NA,NA,NA
2024-06-12,21:00:00,2024-06-12T21:00:00Z,9,Coral_Dom,27.3,26.048,36.5,NA,NA,NA,NA,NA,7.932179253055457,NA,NA,8.040615624250476,NA,NA,NA,-0.10843637119501892,NA,NA,NA,NA,NA,NA
2024-06-13,12:00:00,2024-06-13T12:00:00Z,9,Coral_Dom,27.6,25.564,36.5,NA,NA,NA,NA,NA,8.030364974977898,NA,NA,8.057496917395941,NA,NA,NA,-0.027131942418042954,NA,NA,NA,NA,NA,NA
2024-06-13,21:00:00,2024-06-13T21:00:00Z,9,Coral_Dom,27.3,26.394,36.3,NA,NA,NA,NA,NA,7.9882549801834255,NA,NA,8.027458381071762,NA,NA,NA,-0.039203400888336404,NA,NA,NA,NA,NA,NA
2024-06-14,12:00:00,2024-06-14T12:00:00Z,9,Coral_Dom,28.8,28.678,36.1,NA,NA,NA,NA,NA,8.178957264013551,NA,NA,8.021348723496013,NA,NA,NA,0.15760854051753803,NA,NA,NA,NA,NA,NA
2024-06-14,21:00:00,2024-06-14T21:00:00Z,9,Coral_Dom,27.7,26.513,36.1,NA,NA,NA,NA,NA,7.972048166765606,NA,NA,8.079524151668055,NA,NA,NA,-0.10747598490244936,NA,NA,NA,NA,NA,NA
2024-06-15,12:00:00,2024-06-15T12:00:00Z,9,Coral_Dom,29.1,28.829,36.2,NA,NA,NA,NA,NA,8.22831490771399,NA,NA,8.030671886159059,NA,NA,NA,0.1976430215549314,NA,NA,NA,NA,NA,NA
2024-06-15,21:00:00,2024-06-15T21:00:00Z,9,Coral_Dom,27.8,26.662,36.2,NA,NA,NA,NA,NA,7.9510647217960075,NA,NA,8.080827943422207,NA,NA,NA,-0.1297632216261997,NA,NA,NA,NA,NA,NA
2024-06-16,12:00:00,2024-06-16T12:00:00Z,9,Coral_Dom,29.4,28.274,36.2,8,68,2.1929824561403506,1.2666666666666666,2234.84,8.183920875241206,1799.872934956954,96.63119829,8.033973030042896,2361.208,2015.901249760762,106.7055487,0.1499478451983105,126.36799999999994,216.02831480380814,-10.074350409999994,0.5833521303703701,1.4111492886775299,NA
2024-06-16,21:00:00,2024-06-16T21:00:00Z,9,Coral_Dom,28,24.22,36.2,56,4,2.7777777777777777,1,2335.087,7.955634878133813,2051.0951566237322,114.8649399,8.068180630744246,2354.991,1997.7736436824728,78.26424216,-0.11254575261043342,19.903999999999996,-53.32151294125947,36.60069774,0.07253902222222221,-0.4611936054385134,NA
2024-06-17,21:00:00,2024-06-17T21:00:00Z,9,Coral_Dom,27,26.408,36.4,NA,NA,NA,NA,NA,7.9779494905448605,NA,NA,8.024148529493765,NA,NA,NA,-0.0461990389489042,NA,NA,NA,NA,NA,NA
2024-06-18,12:00:00,2024-06-18T12:00:00Z,9,Coral_Dom,27.6,27.459,36.2,NA,NA,NA,NA,NA,8.10571046130209,NA,NA,8.017836744226718,NA,NA,NA,0.08787371707537162,NA,NA,NA,NA,NA,NA
2024-06-18,21:00:00,2024-06-18T21:00:00Z,9,Coral_Dom,26.9,26.107,36.1,NA,NA,NA,NA,NA,7.982963165921989,NA,NA,7.992381019340971,NA,NA,NA,-0.009417853418981714,NA,NA,NA,NA,NA,NA
2024-06-19,12:00:00,2024-06-19T12:00:00Z,9,Coral_Dom,27.8,27.423,36.1,NA,NA,NA,NA,NA,8.088923116582462,NA,NA,8.028898687133404,NA,NA,NA,0.06002442944905795,NA,NA,NA,NA,NA,NA
2024-06-19,21:00:00,2024-06-19T21:00:00Z,9,Coral_Dom,27,26.096,36.2,NA,NA,NA,NA,NA,8.028702627081344,NA,NA,NA,NA,NA,NA,NA,NA,NA,NA,NA,NA,NA
2024-06-20,12:00:00,2024-06-20T12:00:00Z,9,Coral_Dom,28,26.833,36.2,80,48,1.3020833333333333,2.1333333333333333,2284.680617,8.14479960493453,1885.616804599355,91.55447504,8.100975378828668,2352.5628,1973.6442718193389,104.5470567,0.043824226105861896,67.88218300000017,88.02746721998392,-12.992581659999999,0.5277714020503715,0.8410231104547411,NA
2024-06-20,21:00:00,2024-06-20T21:00:00Z,9,Coral_Dom,26.9,26.172,36.3,54,51,1.5873015873015874,1.75,2339.278659,7.988627077802374,2044.4355919851735,76.09742424,8.021834188233026,2370.924852,2051.3785661284323,122.7745538,-0.033207110430652165,31.64619300000004,6.94297414325888,-46.67712956000001,0.2018323864666669,-0.11327089406154256,NA
2024-06-24,12:00:00,2024-06-24T12:00:00Z,9,Coral_Dom,27.3,25.697,36.9,NA,NA,NA,NA,NA,8.18097971871954,NA,NA,NA,NA,NA,NA,NA,NA,NA,NA,NA,NA,NA
2024-06-26,12:00:00,2024-06-26T12:00:00Z,9,Coral_Dom,30.2,27.472,36.5,NA,NA,NA,NA,NA,8.391187372366902,1539.3229229731774,NA,NA,NA,NA,NA,NA,NA,NA,NA,NA,NA,NA
2024-06-26,21:00:00,2024-06-26T21:00:00Z,9,Coral_Dom,27,24.714,36.7,NA,NA,NA,NA,NA,8.076259448675883,1822.4543287898168,NA,NA,NA,NA,NA,NA,NA,NA,NA,NA,NA,NA
2024-06-02,12:00:00,2024-06-02T12:00:00Z,10,Rubble_Dom,29.2,28.3,36.6,64,280,0.4844961240310077,5.733333333333333,2163.075,8.174508870792394,1743.024300282888,182.7231829,8.023945911823436,2343.183,2005.3802097773641,138.7623813,0.15056295896895833,180.10800000000017,262.35590949447624,43.960801600000025,NA,NA,NA
2024-06-02,15:00:00,2024-06-02T15:00:00Z,10,Rubble_Dom,28.7,27.89,36.4,NA,NA,NA,NA,NA,8.053634948115567,NA,NA,8.044910440316714,NA,NA,NA,0.008724507798852699,NA,NA,NA,NA,NA,NA
2024-06-02,18:00:00,2024-06-02T18:00:00Z,10,Rubble_Dom,28.6,27.35,36.4,254,335,0.2829654782116582,9.816666666666666,2346.884,8.028511030133492,2010.4228394291308,123.4232809,8.048158791795464,2348.571,1999.2597315960065,113.0158942,-0.019647761661971685,1.6869999999998981,-11.163107833124286,10.40738669999999,0.060354611851848206,-0.8591039187025692,NA
2024-06-02,21:00:00,2024-06-02T21:00:00Z,10,Rubble_Dom,28.3,25.57,36.3,NA,NA,NA,NA,NA,8.039439718167399,NA,NA,8.044447734591763,NA,NA,NA,-0.0050080164243642145,NA,NA,NA,NA,NA,NA
2024-06-03,00:00:00,2024-06-03T00:00:00Z,10,Rubble_Dom,28.2,25.287,36.3,210,284,0.3373819163292847,8.233333333333333,2357.273,8.030050080756869,2023.4048084521983,86.87253865,8.013326415799584,2349.51,2026.1559736398362,318.5825972,0.016723664957284612,-7.76299999999992,2.75116518763798,-231.71005855,-0.23293600296296055,0.39803852062346323,NA
2024-06-03,06:00:00,2024-06-03T06:00:00Z,10,Rubble_Dom,27.9,25.657,36.3,278,258,0.31094527363184077,8.933333333333334,2285.129,8.025631974009432,1964.0076529241226,150.703123,8.022910704031641,2346.113,2018.0196659611627,75.06639913,0.0027212699777905414,60.983999999999924,54.012013037040106,75.63672387000001,1.985458346666664,1.5314838711170202,NA
2024-06-03,09:00:00,2024-06-03T09:00:00Z,10,Rubble_Dom,28.6,26.458,36.4,NA,NA,NA,NA,NA,7.97897412979999,NA,NA,8.025277348304238,NA,NA,NA,-0.04630321850424757,NA,NA,NA,NA,NA,NA
2024-06-03,12:00:00,2024-06-03T12:00:00Z,10,Rubble_Dom,28.7,24.56,36.3,NA,NA,NA,NA,NA,8.057320322105344,NA,NA,8.044381554478994,NA,NA,NA,0.012938767626350156,NA,NA,NA,NA,NA,NA
2024-06-04,12:00:00,2024-06-04T12:00:00Z,10,Rubble_Dom,29.1,28.73,36.3,NA,NA,NA,NA,NA,8.009661025972841,NA,93.00457092,7.985961964711657,NA,NA,89.34117079,0.023699061261184262,NA,NA,3.6634001299999994,NA,NA,NA
2024-06-05,12:00:00,2024-06-05T12:00:00Z,10,Rubble_Dom,29,27.713,36.4,NA,NA,NA,NA,NA,8.011764255436038,NA,NA,7.955684110495497,NA,NA,NA,0.05608014494054103,NA,NA,NA,NA,NA,NA
2024-06-05,21:00:00,2024-06-05T21:00:00Z,10,Rubble_Dom,28.6,25.825,36.4,NA,NA,NA,NA,NA,8.000560812175516,NA,NA,7.9906738000801685,NA,NA,NA,0.009887012095347814,NA,NA,NA,NA,NA,NA
2024-06-06,12:00:00,2024-06-06T12:00:00Z,10,Rubble_Dom,29.2,28.22,36.4,242,250,0.33875338753387535,8.2,2335.629,8.010198067710943,2006.2280498286912,147.8723139,7.995661637354298,2331.111,2012.1711234693287,155.6986687,0.014536430356645091,-4.518000000000029,5.943073640637522,-7.8263548000000185,-0.13501792000000087,0.4902288280857492,NA
2024-06-06,21:00:00,2024-06-06T21:00:00Z,10,Rubble_Dom,28.6,27.958,36.4,222,92,0.5307855626326964,5.233333333333333,2332.237,8.053684485187626,1981.0579995198373,95.93667868,8.009516045314887,2275.838,1958.3230270421325,481.39,0.04416843987273822,-56.39899999999989,-22.734972477704787,-385.45332132,NA,0.20844541428748975,NA
2024-06-07,12:00:00,2024-06-07T12:00:00Z,10,Rubble_Dom,29.3,28.829,36.4,NA,NA,NA,NA,NA,8.110517115042876,NA,NA,7.999972399671594,NA,NA,NA,0.11054471537128219,NA,NA,NA,NA,NA,NA
2024-06-07,21:00:00,2024-06-07T21:00:00Z,10,Rubble_Dom,28.6,26.963,36.4,NA,NA,NA,NA,NA,7.98886103057691,NA,NA,8.02264316579473,NA,NA,NA,-0.03378213521781959,NA,NA,NA,NA,NA,NA
2024-06-08,12:00:00,2024-06-08T12:00:00Z,10,Rubble_Dom,28.9,27.723,36.4,NA,NA,NA,NA,NA,8.011643012235462,NA,NA,7.964903683745599,NA,NA,NA,0.04673932848986251,NA,NA,NA,NA,NA,NA
2024-06-08,21:00:00,2024-06-08T21:00:00Z,10,Rubble_Dom,28.6,26.599,36.4,NA,NA,NA,NA,NA,7.981072826211917,NA,NA,8.042239520957045,NA,NA,NA,-0.06116669474512815,NA,NA,NA,NA,NA,NA
2024-06-09,12:00:00,2024-06-09T12:00:00Z,10,Rubble_Dom,28.9,28.243,36.4,NA,NA,NA,NA,NA,8.071631048162619,NA,NA,7.967216744392893,NA,NA,NA,0.10441430376972605,NA,NA,NA,NA,NA,NA
2024-06-09,21:00:00,2024-06-09T21:00:00Z,10,Rubble_Dom,28.6,26.35,36.4,NA,NA,NA,NA,NA,7.931734692837979,NA,NA,7.984542744223117,NA,NA,NA,-0.052808051385138555,NA,NA,NA,NA,NA,NA
2024-06-10,12:00:00,2024-06-10T12:00:00Z,10,Rubble_Dom,28.9,27.437,36.4,NA,NA,NA,NA,NA,8.10787015854404,NA,NA,7.991096629559515,NA,NA,NA,0.11677352898452487,NA,NA,NA,NA,NA,NA
2024-06-10,21:00:00,2024-06-10T21:00:00Z,10,Rubble_Dom,28.2,25.67,36.4,NA,NA,NA,NA,NA,7.9591684628281785,NA,NA,8.004149754364992,NA,NA,NA,-0.044981291536813295,NA,NA,NA,NA,NA,NA
2024-06-11,12:00:00,2024-06-11T12:00:00Z,10,Rubble_Dom,28.6,27.666,36.4,28,90,1.4124293785310733,1.9666666666666666,2313.502,8.1197938807746,1920.0948206092162,129.906389,8.004939978475688,2365.709,2047.8780388739215,367.43,0.11485390229891124,52.20699999999988,127.78321826470528,-237.52361100000002,0.37418883851851764,1.4575599317470946,NA
2024-06-11,21:00:00,2024-06-11T21:00:00Z,10,Rubble_Dom,27.2,25.968,36.4,19,88,1.5576323987538938,1.7833333333333334,NA,7.975246847823842,NA,75.43828975,8.03873994069846,NA,NA,88.69313751,-0.06349309287461757,NA,NA,-13.254847760000004,NA,NA,NA
2024-06-12,21:00:00,2024-06-12T21:00:00Z,10,Rubble_Dom,27.4,25.635,36.4,NA,NA,NA,NA,NA,8.013231259915365,NA,NA,8.040615624250476,NA,NA,NA,-0.027384364335111044,NA,NA,NA,NA,NA,NA
2024-06-13,12:00:00,2024-06-13T12:00:00Z,10,Rubble_Dom,27.2,25.474,36.4,NA,NA,NA,NA,NA,8.046100986563912,NA,NA,8.057496917395941,NA,NA,NA,-0.011395930832028611,NA,NA,NA,NA,NA,NA
2024-06-13,21:00:00,2024-06-13T21:00:00Z,10,Rubble_Dom,27.3,26.267,36.4,NA,NA,NA,NA,NA,8.051937762862698,NA,NA,8.027458381071762,NA,NA,NA,0.024479381790936117,NA,NA,NA,NA,NA,NA
2024-06-14,12:00:00,2024-06-14T12:00:00Z,10,Rubble_Dom,28.2,28.378,36.1,NA,NA,NA,NA,NA,8.10051485984684,NA,NA,8.021348723496013,NA,NA,NA,0.07916613635082648,NA,NA,NA,NA,NA,NA
2024-06-14,21:00:00,2024-06-14T21:00:00Z,10,Rubble_Dom,27.4,26.348,36.1,NA,NA,NA,NA,NA,8.04329209002165,NA,NA,8.079524151668055,NA,NA,NA,-0.036232061646405356,NA,NA,NA,NA,NA,NA
2024-06-15,12:00:00,2024-06-15T12:00:00Z,10,Rubble_Dom,28.3,28.005,36.2,NA,NA,NA,NA,NA,8.15335695156182,NA,NA,8.030671886159059,NA,NA,NA,0.12268506540276114,NA,NA,NA,NA,NA,NA
2024-06-15,21:00:00,2024-06-15T21:00:00Z,10,Rubble_Dom,27.6,26.459,36.2,NA,NA,NA,NA,NA,8.023974825177378,NA,NA,8.080827943422207,NA,NA,NA,-0.056853118244829304,NA,NA,NA,NA,NA,NA
2024-06-16,12:00:00,2024-06-16T12:00:00Z,10,Rubble_Dom,28.1,27.817,36.1,320,188,0.3280839895013123,8.466666666666667,2345.282,8.028517088079424,2016.1299986360577,83.30974326,8.033973030042896,2361.208,2015.901249760762,106.7055487,-0.0054559419634721,15.92599999999993,-0.22874887529565058,-23.39580543999999,0.49141737481481274,-0.505534060961947,NA
2024-06-16,21:00:00,2024-06-16T21:00:00Z,10,Rubble_Dom,27.6,23.932,36.2,142,258,0.41666666666666663,6.666666666666667,2351.796,8.053560831067582,2010.0076692746347,94.29994366,8.068180630744246,2354.991,1997.7736436824728,78.26424216,-0.014619799676664158,3.1950000000001637,-12.23402559216197,16.035701500000002,0.07762666666667066,-0.6721096880339485,NA
2024-06-17,21:00:00,2024-06-17T21:00:00Z,10,Rubble_Dom,27.3,26.751,36.2,NA,NA,NA,NA,NA,7.980733446224913,NA,NA,8.024148529493765,NA,NA,NA,-0.043415083268851795,NA,NA,NA,NA,NA,NA
2024-06-18,12:00:00,2024-06-18T12:00:00Z,10,Rubble_Dom,28.4,27.845,36.2,NA,NA,NA,NA,NA,8.141352619434741,NA,NA,8.017836744226718,NA,NA,NA,0.12351587520802276,NA,NA,NA,NA,NA,NA
2024-06-18,21:00:00,2024-06-18T21:00:00Z,10,Rubble_Dom,26.6,26.025,36.3,NA,NA,NA,NA,NA,7.900213013133932,NA,NA,7.992381019340971,NA,NA,NA,-0.09216800620703847,NA,NA,NA,NA,NA,NA
2024-06-19,12:00:00,2024-06-19T12:00:00Z,10,Rubble_Dom,28.5,27.823,36.3,NA,NA,NA,NA,NA,8.240374644505946,NA,NA,8.028898687133404,NA,NA,NA,0.2114759573725422,NA,NA,NA,NA,NA,NA
2024-06-19,21:00:00,2024-06-19T21:00:00Z,10,Rubble_Dom,26.9,26.055,36.3,NA,NA,NA,NA,NA,7.951274917153145,NA,NA,NA,NA,NA,NA,NA,NA,NA,NA,NA,NA,NA
2024-06-20,12:00:00,2024-06-20T12:00:00Z,10,Rubble_Dom,28.6,26.973,36.3,0,22,7.575757575757575,0.36666666666666664,2183.149331,8.21328929444498,1742.2697322824158,103.96008,8.100975378828668,2352.5628,1973.6442718193389,104.5470567,0.11231391561631199,169.41346900000008,231.37453953692307,-0.5869766999999939,0.22638659116740753,0.3919832893134949,NA
2024-06-20,21:00:00,2024-06-20T21:00:00Z,10,Rubble_Dom,26.8,26.229,36.1,28,0,5.952380952380952,0.4666666666666667,2244.607061,7.976450066899521,1967.3096632214829,84.5648741,8.021834188233026,2370.924852,2051.3785661284323,122.7745538,-0.045384121333504446,126.31779099999994,84.06890290694946,-38.20967970000001,0.21483381343407398,0.07112500297237928,NA
2024-06-24,12:00:00,2024-06-24T12:00:00Z,10,Rubble_Dom,28.5,26.22,37,NA,NA,NA,NA,NA,8.2985130604826,NA,NA,NA,NA,NA,NA,NA,NA,NA,NA,NA,NA,NA
2024-06-26,12:00:00,2024-06-26T12:00:00Z,10,Rubble_Dom,30.8,27.694,36.5,NA,NA,NA,NA,NA,8.317070064766792,1612.8224451605756,NA,NA,NA,NA,NA,NA,NA,NA,NA,NA,NA,NA
2024-06-26,21:00:00,2024-06-26T21:00:00Z,10,Rubble_Dom,27.4,24.931,36.5,NA,NA,NA,NA,2239.985054,8.033234823303305,1921.6853999354987,NA,NA,NA,NA,NA,NA,NA,NA,NA,NA,NA,NA
2024-06-02,12:00:00,2024-06-02T12:00:00Z,11,Control,29.3,28.212,36.6,29,0,5.747126436781609,0.48333333333333334,2365.13,8.020746081370591,2023.4385859009258,128.688031,8.023945911823436,2343.183,2005.3802097773641,138.7623813,-0.0031998304528446653,-21.947000000000116,-18.05837612356163,-10.074350299999992,-0.038659234074074275,-0.02495975618048804,NA
2024-06-02,15:00:00,2024-06-02T15:00:00Z,11,Control,28.8,28.19,36.4,NA,NA,NA,NA,NA,8.037919685856226,NA,NA,8.044910440316714,NA,NA,NA,-0.006990754460488802,NA,NA,NA,NA,NA,NA
2024-06-02,18:00:00,2024-06-02T18:00:00Z,11,Control,28.7,27.45,36.4,73,142,0.7751937984496123,3.5833333333333335,2346.73,8.042339039542458,2000.4211954334442,456.31,8.048158791795464,2348.571,1999.2597315960065,113.0158942,-0.005819752253005461,1.8409999999998945,-1.1614638374376227,343.2941058,0.024042096296294915,-0.05437781104299905,NA
2024-06-02,21:00:00,2024-06-02T21:00:00Z,11,Control,28.4,25.66,36.3,NA,NA,NA,NA,NA,8.053298748372505,NA,NA,8.044447734591763,NA,NA,NA,0.008851013780741823,NA,NA,NA,NA,NA,NA
2024-06-03,00:00:00,2024-06-03T00:00:00Z,11,Control,28.3,24.929,36.4,58,114,0.9689922480620154,2.8666666666666667,2358.984,8.04451392354353,2013.8756942040736,81.54395664,8.013326415799584,2349.51,2026.1559736398362,318.5825972,0.03118750774394563,-9.473999999999705,12.280279435762623,-237.03864056,-0.09897873777777469,0.3555729024622133,NA
2024-06-03,06:00:00,2024-06-03T06:00:00Z,11,Control,28.1,25.649,36.4,120,110,0.7246376811594203,3.8333333333333335,2388.952,8.041257237398186,2044.811242880487,97.88,8.022910704031641,2346.113,2018.0196659611627,75.06639913,0.018346533366544904,-42.8390000000004,-26.79157691932437,22.813600870000002,-0.5984766962963017,-0.15009980844215398,NA
2024-06-03,09:00:00,2024-06-03T09:00:00Z,11,Control,28.7,26.169,36.1,NA,NA,NA,NA,NA,7.969260302339676,NA,NA,8.025277348304238,NA,NA,NA,-0.056017045964561696,NA,NA,NA,NA,NA,NA
2024-06-03,12:00:00,2024-06-03T12:00:00Z,11,Control,28.8,24.65,36.4,NA,NA,NA,NA,NA,8.051216413780713,NA,NA,8.044381554478994,NA,NA,NA,0.006834859301719121,NA,NA,NA,NA,NA,NA
2024-06-04,12:00:00,2024-06-04T12:00:00Z,11,Control,29.3,28.77,36.4,NA,NA,NA,NA,NA,7.985254678945427,NA,88.34206166,7.985961964711657,NA,NA,89.34117079,-7.072857662295817e-4,NA,NA,-0.9991091300000079,NA,NA,NA
2024-06-05,12:00:00,2024-06-05T12:00:00Z,11,Control,29.1,27.759,36.4,NA,NA,NA,NA,NA,7.981966651717723,NA,NA,7.955684110495497,NA,NA,NA,0.026282541222226286,NA,NA,NA,NA,NA,NA
2024-06-05,21:00:00,2024-06-05T21:00:00Z,11,Control,28.6,25.945,36.4,NA,NA,NA,NA,NA,8.004273488389837,NA,NA,7.9906738000801685,NA,NA,NA,0.013599688309668068,NA,NA,NA,NA,NA,NA
2024-06-06,12:00:00,2024-06-06T12:00:00Z,11,Control,29.3,28.108,36.4,140,150,0.5747126436781609,4.833333333333333,2347.773,7.98998522174341,2028.9031006802188,166.5223509,7.995661637354298,2331.111,2012.1711234693287,155.6986687,-0.005676415610888164,-16.662000000000262,-16.731977210890136,10.823682199999979,-0.29349804444444905,-0.29596331566661394,NA
2024-06-06,21:00:00,2024-06-06T21:00:00Z,11,Control,28.6,28.072,36.4,148,142,0.5747126436781609,4.833333333333333,2333.189,8.072400591380516,1969.5902981658858,106.2608063,8.009516045314887,2275.838,1958.3230270421325,481.39,0.06288454606562865,-57.35099999999966,-11.26727112375329,-375.1291937,NA,0.613285455817989,NA
2024-06-07,12:00:00,2024-06-07T12:00:00Z,11,Control,28.8,28.445,36.4,NA,NA,NA,NA,NA,8.043660755124934,NA,NA,7.999972399671594,NA,NA,NA,0.043688355453340044,NA,NA,NA,NA,NA,NA
2024-06-07,21:00:00,2024-06-07T21:00:00Z,11,Control,28.6,27.126,36.4,NA,NA,NA,NA,NA,8.039584073436542,NA,NA,8.02264316579473,NA,NA,NA,0.01694090764181233,NA,NA,NA,NA,NA,NA
2024-06-08,12:00:00,2024-06-08T12:00:00Z,11,Control,29,27.054,36.4,NA,NA,NA,NA,NA,8.011511692943253,NA,NA,7.964903683745599,NA,NA,NA,0.04660800919765418,NA,NA,NA,NA,NA,NA
2024-06-08,21:00:00,2024-06-08T21:00:00Z,11,Control,28.4,26.922,36.4,NA,NA,NA,NA,NA,8.030316839300049,NA,NA,8.042239520957045,NA,NA,NA,-0.011922681656995948,NA,NA,NA,NA,NA,NA
2024-06-09,12:00:00,2024-06-09T12:00:00Z,11,Control,29,28.303,36.4,NA,NA,NA,NA,NA,8.013481382228273,NA,NA,7.967216744392893,NA,NA,NA,0.04626463783537993,NA,NA,NA,NA,NA,NA
2024-06-09,21:00:00,2024-06-09T21:00:00Z,11,Control,28.4,26.504,36.4,NA,NA,NA,NA,NA,7.998912160449166,NA,NA,7.984542744223117,NA,NA,NA,0.014369416226048592,NA,NA,NA,NA,NA,NA
2024-06-10,12:00:00,2024-06-10T12:00:00Z,11,Control,29,27.356,36.4,NA,NA,NA,NA,NA,8.024105630551379,NA,NA,7.991096629559515,NA,NA,NA,0.033009000991863324,NA,NA,NA,NA,NA,NA
2024-06-10,21:00:00,2024-06-10T21:00:00Z,11,Control,28.3,25.81,36.4,NA,NA,NA,NA,NA,7.996685048249178,NA,NA,8.004149754364992,NA,NA,NA,-0.007464706115813513,NA,NA,NA,NA,NA,NA
2024-06-11,12:00:00,2024-06-11T12:00:00Z,11,Control,27.8,27.322,36.5,26,20,3.623188405797101,0.7666666666666667,2363.339,8.047556548867234,2019.8415425931983,198.4286234,8.004939978475688,2365.709,2047.8780388739215,367.43,0.042616570391546205,2.369999999999891,28.036496280723213,-169.00137660000001,0.00662195555555525,0.15005013921613058,NA
2024-06-11,21:00:00,2024-06-11T21:00:00Z,11,Control,27.3,26.258,36.4,25,30,3.03030303030303,0.9166666666666666,NA,8.030062394682819,NA,203.7023931,8.03873994069846,NA,NA,88.69313751,-0.008677546015640303,NA,NA,115.00925559,NA,NA,NA
2024-06-12,21:00:00,2024-06-12T21:00:00Z,11,Control,27.3,25.832,36.4,NA,NA,NA,NA,NA,8.028800826132597,NA,NA,8.040615624250476,NA,NA,NA,-0.011814798117878667,NA,NA,NA,NA,NA,NA
2024-06-13,12:00:00,2024-06-13T12:00:00Z,11,Control,27.3,25.338,36.4,NA,NA,NA,NA,NA,8.04585392114477,NA,NA,8.057496917395941,NA,NA,NA,-0.011642996251170601,NA,NA,NA,NA,NA,NA
2024-06-13,21:00:00,2024-06-13T21:00:00Z,11,Control,27.3,26.541,36.3,NA,NA,NA,NA,NA,8.064285794264348,NA,NA,8.027458381071762,NA,NA,NA,0.03682741319258653,NA,NA,NA,NA,NA,NA
2024-06-14,12:00:00,2024-06-14T12:00:00Z,11,Control,28.3,28.765,36.1,NA,NA,NA,NA,NA,8.061633458710967,NA,NA,8.021348723496013,NA,NA,NA,0.04028473521495357,NA,NA,NA,NA,NA,NA
2024-06-14,21:00:00,2024-06-14T21:00:00Z,11,Control,27.4,26.524,36.1,NA,NA,NA,NA,NA,8.06900491472865,NA,NA,8.079524151668055,NA,NA,NA,-0.010519236939405374,NA,NA,NA,NA,NA,NA
2024-06-15,12:00:00,2024-06-15T12:00:00Z,11,Control,28.4,27.999,36.1,NA,NA,NA,NA,NA,8.06294181133693,NA,NA,8.030671886159059,NA,NA,NA,0.03226992517787153,NA,NA,NA,NA,NA,NA
2024-06-15,21:00:00,2024-06-15T21:00:00Z,11,Control,27.7,26.654,36.2,NA,NA,NA,NA,NA,8.064988733266771,NA,NA,8.080827943422207,NA,NA,NA,-0.01583921015543588,NA,NA,NA,NA,NA,NA
2024-06-16,12:00:00,2024-06-16T12:00:00Z,11,Control,28.1,28,36.1,330,410,0.22522522522522523,12.333333333333334,2356.948,8.055823864326824,2009.1329155250562,151.8319776,8.033973030042896,2361.208,2015.901249760762,106.7055487,0.021850834283927867,4.260000000000218,6.768334235705879,45.12642889999999,0.19147911111112087,0.41696906877426093,NA
2024-06-16,21:00:00,2024-06-16T21:00:00Z,11,Control,27.7,23.605,36.2,438,292,0.228310502283105,12.166666666666666,2357.732,8.078104219253952,1998.3295356276803,70.65436097,8.068180630744246,2354.991,1997.7736436824728,78.26424216,0.009923588509705539,-2.7409999999999854,-0.555891945207577,-7.609881189999996,-0.1215379703703697,0.07224064912573924,NA
2024-06-17,21:00:00,2024-06-17T21:00:00Z,11,Control,27.5,26.683,36.2,NA,NA,NA,NA,NA,8.054705829049768,NA,NA,8.024148529493765,NA,NA,NA,0.03055729955600306,NA,NA,NA,NA,NA,NA
2024-06-18,12:00:00,2024-06-18T12:00:00Z,11,Control,27.8,27.425,36.2,NA,NA,NA,NA,NA,8.063994763376789,NA,NA,8.017836744226718,NA,NA,NA,0.04615801915007012,NA,NA,NA,NA,NA,NA
2024-06-18,21:00:00,2024-06-18T21:00:00Z,11,Control,26.7,26.18,36.3,NA,NA,NA,NA,NA,8.003472647578317,NA,NA,7.992381019340971,NA,NA,NA,0.011091628237346107,NA,NA,NA,NA,NA,NA
2024-06-19,12:00:00,2024-06-19T12:00:00Z,11,Control,28.1,27.53,36.2,NA,NA,NA,NA,NA,8.093200662425728,NA,NA,8.028898687133404,NA,NA,NA,0.06430197529232373,NA,NA,NA,NA,NA,NA
2024-06-19,21:00:00,2024-06-19T21:00:00Z,11,Control,27.1,26.127,36.2,NA,NA,NA,NA,NA,8.07603453583779,NA,NA,NA,NA,NA,NA,NA,NA,NA,NA,NA,NA,NA
2024-06-20,12:00:00,2024-06-20T12:00:00Z,11,Control,28.1,26.97,36.2,30,30,2.7777777777777777,1,2372.619694,8.096663844535314,1995.0618879002589,112.1194712,8.100975378828668,2352.5628,1973.6442718193389,104.5470567,-0.004311534293353958,-20.05689399999983,-21.41761608091997,7.572414500000008,-0.07309623591111049,-0.08301438796759504,NA
2024-06-20,21:00:00,2024-06-20T21:00:00Z,11,Control,27.1,26.418,36.2,24,27,3.2679738562091503,0.85,2365.969901,8.061745480661365,2022.2797781901327,149.8400038,8.021834188233026,2370.924852,2051.3785661284323,122.7745538,0.03991129242833935,4.954951000000165,29.098787938299665,27.06545,0.015349337097778287,0.1649338201732872,NA
2024-06-24,12:00:00,2024-06-24T12:00:00Z,11,Control,27.5,25.359,36.9,NA,NA,NA,NA,NA,8.089397389491122,NA,NA,NA,NA,NA,NA,NA,NA,NA,NA,NA,NA,NA
2024-06-26,12:00:00,2024-06-26T12:00:00Z,11,Control,28.6,26.23,36.4,NA,NA,NA,NA,2367.209249,8.105811728043252,1977.0452973064903,NA,NA,NA,NA,NA,NA,NA,NA,NA,NA,NA,NA
2024-06-26,21:00:00,2024-06-26T21:00:00Z,11,Control,27.3,24.551,36.4,NA,NA,NA,NA,2388.573692,8.05365679250428,2044.2087573441097,NA,NA,NA,NA,NA,NA,NA,NA,NA,NA,NA,NA
2024-06-02,12:00:00,2024-06-02T12:00:00Z,12,Rubble_Dom,29.5,28.254,36.6,170,153,0.5159958720330238,5.383333333333334,2215.887,8.134698893839802,1813.2078604921771,152.5001318,8.023945911823436,2343.183,2005.3802097773641,138.7623813,0.11075298201636663,127.29599999999982,192.172349285187,13.737750500000004,NA,NA,NA
2024-06-02,15:00:00,2024-06-02T15:00:00Z,12,Rubble_Dom,28.9,27.95,36.4,NA,NA,NA,NA,NA,8.047406719537658,NA,NA,8.044910440316714,NA,NA,NA,0.0024962792209439755,NA,NA,NA,NA,NA,NA
2024-06-02,18:00:00,2024-06-02T18:00:00Z,12,Rubble_Dom,28.7,27.59,36.4,172,268,0.37878787878787873,7.333333333333333,2344.997,8.03270195699472,2005.086768606336,123.1735036,8.048158791795464,2348.571,1999.2597315960065,113.0158942,-0.015456834800744446,3.574000000000069,-5.827037010329377,10.157609399999998,0.09551845925926113,-0.4069843782706448,NA
2024-06-02,21:00:00,2024-06-02T21:00:00Z,12,Rubble_Dom,28.3,25.98,36.4,NA,NA,NA,NA,NA,8.0542819541783075,NA,NA,8.044447734591763,NA,NA,NA,0.00983421958654418,NA,NA,NA,NA,NA,NA
2024-06-03,00:00:00,2024-06-03T00:00:00Z,12,Rubble_Dom,28.3,25.04,36.3,136,218,0.4708097928436911,5.9,2357.547,8.02611507253483,2025.201351135055,83.70869308,8.013326415799584,2349.51,2026.1559736398362,318.5825972,0.012788656735246207,-8.036999999999807,0.954622504781355,-234.87390412000002,-0.17281335999999586,0.21386637047228205,NA
2024-06-03,06:00:00,2024-06-03T06:00:00Z,12,Rubble_Dom,28,25.735,36.3,210,130,0.49019607843137253,5.666666666666667,2361.74,8.026016994881157,2031.8827540007626,NA,8.022910704031641,2346.113,2018.0196659611627,75.06639913,0.003106290849515858,-15.626999999999953,-13.863088039599916,NA,-0.32272648888888794,-0.24987039191710553,NA
2024-06-03,09:00:00,2024-06-03T09:00:00Z,12,Rubble_Dom,28.6,25.973,36.4,NA,NA,NA,NA,NA,8.002678638315073,NA,NA,8.025277348304238,NA,NA,NA,-0.02259870998916469,NA,NA,NA,NA,NA,NA
2024-06-03,12:00:00,2024-06-03T12:00:00Z,12,Rubble_Dom,28.7,24.8,36.3,NA,NA,NA,NA,NA,8.058009866195432,NA,NA,8.044381554478994,NA,NA,NA,0.01362831171643819,NA,NA,NA,NA,NA,NA
2024-06-04,12:00:00,2024-06-04T12:00:00Z,12,Rubble_Dom,29.1,28.54,36.2,NA,NA,NA,NA,NA,8.00724028874219,NA,92.83805274,7.985961964711657,NA,NA,89.34117079,0.021278324030533646,NA,NA,3.496881949999988,NA,NA,NA
2024-06-05,12:00:00,2024-06-05T12:00:00Z,12,Rubble_Dom,28.9,27.972,36.4,NA,NA,NA,NA,NA,8.010698138251335,NA,NA,7.955684110495497,NA,NA,NA,0.05501402775583841,NA,NA,NA,NA,NA,NA
2024-06-05,21:00:00,2024-06-05T21:00:00Z,12,Rubble_Dom,28.5,25.426,36.4,NA,NA,NA,NA,NA,7.999213855938127,NA,NA,7.9906738000801685,NA,NA,NA,0.00854005585795825,NA,NA,NA,NA,NA,NA
2024-06-06,12:00:00,2024-06-06T12:00:00Z,12,Rubble_Dom,29.6,28.483,36.4,80,34,1.461988304093567,1.9,2322.468,8.016558422402973,1986.5755317214039,146.8732047,7.995661637354298,2331.111,2012.1711234693287,155.6986687,0.020896785048674538,8.643000000000029,25.5955917479248,-8.82546400000001,0.05984797333333354,0.29462253282903833,NA
2024-06-06,21:00:00,2024-06-06T21:00:00Z,12,Rubble_Dom,28.5,27.817,36.4,16,64,2.0833333333333335,1.3333333333333333,2313.247,8.016335161699324,1988.7730023623765,98.01815603,8.009516045314887,2275.838,1958.3230270421325,481.39,0.006819116384436441,-37.40899999999965,-30.449975320243993,-383.37184397,-0.18178002962962791,-0.11414861940859516,NA
2024-06-07,12:00:00,2024-06-07T12:00:00Z,12,Rubble_Dom,28.9,28.665,36.4,NA,NA,NA,NA,NA,8.109535010842455,NA,NA,7.999972399671594,NA,NA,NA,0.10956261117086097,NA,NA,NA,NA,NA,NA
2024-06-07,21:00:00,2024-06-07T21:00:00Z,12,Rubble_Dom,28.5,27.187,36.4,NA,NA,NA,NA,NA,7.992721291380525,NA,NA,8.02264316579473,NA,NA,NA,-0.029921874414204908,NA,NA,NA,NA,NA,NA
2024-06-08,12:00:00,2024-06-08T12:00:00Z,12,Rubble_Dom,29.1,27.074,36.4,NA,NA,NA,NA,NA,7.98996958830582,NA,NA,7.964903683745599,NA,NA,NA,0.025065904560221064,NA,NA,NA,NA,NA,NA
2024-06-08,21:00:00,2024-06-08T21:00:00Z,12,Rubble_Dom,28.5,26.774,36.4,NA,NA,NA,NA,NA,7.984790043643716,NA,NA,8.042239520957045,NA,NA,NA,-0.05744947731332939,NA,NA,NA,NA,NA,NA
2024-06-09,12:00:00,2024-06-09T12:00:00Z,12,Rubble_Dom,29.1,27.976,36.4,NA,NA,NA,NA,NA,8.051112630687243,NA,NA,7.967216744392893,NA,NA,NA,0.08389588629434996,NA,NA,NA,NA,NA,NA
2024-06-09,21:00:00,2024-06-09T21:00:00Z,12,Rubble_Dom,28.5,26.577,36.4,NA,NA,NA,NA,NA,7.935614426143113,NA,NA,7.984542744223117,NA,NA,NA,-0.048928318080004196,NA,NA,NA,NA,NA,NA
2024-06-10,12:00:00,2024-06-10T12:00:00Z,12,Rubble_Dom,29.1,27.285,36.4,NA,NA,NA,NA,NA,8.099365429542575,NA,NA,7.991096629559515,NA,NA,NA,0.10826879998305916,NA,NA,NA,NA,NA,NA
2024-06-10,21:00:00,2024-06-10T21:00:00Z,12,Rubble_Dom,28.2,25.68,36.4,NA,NA,NA,NA,NA,7.944094692638461,NA,NA,8.004149754364992,NA,NA,NA,-0.060055061726530745,NA,NA,NA,NA,NA,NA
2024-06-11,12:00:00,2024-06-11T12:00:00Z,12,Rubble_Dom,28.2,27.452,36.5,34,8,3.968253968253968,0.7,2315.566,8.154050177431316,1901.284081561609,119.6655205,8.004939978475688,2365.709,2047.8780388739215,367.43,0.14911019895562738,50.14300000000003,146.59395731231257,-247.7644795,0.12792036444444452,0.6200345821979324,NA
2024-06-11,21:00:00,2024-06-11T21:00:00Z,12,Rubble_Dom,27.3,26.195,36.4,12,44,2.976190476190476,0.9333333333333333,NA,7.960980330303225,NA,94.29994366,8.03873994069846,NA,NA,88.69313751,-0.07775961039523427,NA,NA,5.606806149999997,NA,NA,NA
2024-06-12,21:00:00,2024-06-12T21:00:00Z,12,Rubble_Dom,27.2,25.705,36.5,NA,NA,NA,NA,NA,7.993156074609219,NA,NA,8.040615624250476,NA,NA,NA,-0.04745954964125687,NA,NA,NA,NA,NA,NA
2024-06-13,12:00:00,2024-06-13T12:00:00Z,12,Rubble_Dom,27.4,25.359,36.5,NA,NA,NA,NA,NA,8.059752582496278,NA,NA,8.057496917395941,NA,NA,NA,0.0022556651003373673,NA,NA,NA,NA,NA,NA
2024-06-13,21:00:00,2024-06-13T21:00:00Z,12,Rubble_Dom,27.4,26.32,36.4,NA,NA,NA,NA,NA,8.021996923866253,NA,NA,8.027458381071762,NA,NA,NA,-0.00546145720550939,NA,NA,NA,NA,NA,NA
2024-06-14,12:00:00,2024-06-14T12:00:00Z,12,Rubble_Dom,28.9,28.592,36.1,NA,NA,NA,NA,NA,8.178866539424376,NA,NA,8.021348723496013,NA,NA,NA,0.15751781592836345,NA,NA,NA,NA,NA,NA
2024-06-14,21:00:00,2024-06-14T21:00:00Z,12,Rubble_Dom,27.6,26.452,36.1,NA,NA,NA,NA,NA,7.983451458708279,NA,NA,8.079524151668055,NA,NA,NA,-0.09607269295977616,NA,NA,NA,NA,NA,NA
2024-06-15,12:00:00,2024-06-15T12:00:00Z,12,Rubble_Dom,29.1,28.389,36.2,NA,NA,NA,NA,NA,8.223911386161427,NA,NA,8.030671886159059,NA,NA,NA,0.19323950000236856,NA,NA,NA,NA,NA,NA
2024-06-15,21:00:00,2024-06-15T21:00:00Z,12,Rubble_Dom,27.7,26.431,36.3,NA,NA,NA,NA,NA,7.973892974311785,NA,NA,8.080827943422207,NA,NA,NA,-0.106934969110422,NA,NA,NA,NA,NA,NA
2024-06-16,12:00:00,2024-06-16T12:00:00Z,12,Rubble_Dom,29.4,28.347,36.2,40,12,3.2051282051282053,0.8666666666666667,2274.635,8.222522124342374,1805.7719104258395,142.3404409,8.033973030042896,2361.208,2015.901249760762,106.7055487,0.18854909429947853,86.57299999999987,210.12933933492263,35.63489220000001,0.27344242370370325,1.0539523954431262,NA
2024-06-16,21:00:00,2024-06-16T21:00:00Z,12,Rubble_Dom,27.7,23.977,36.2,10,38,3.472222222222222,0.8,2352.298,7.974587769692619,2058.318972504454,77.92287988,8.068180630744246,2354.991,1997.7736436824728,78.26424216,-0.09359286105162745,2.693000000000211,-60.54532882198123,-0.34136227999999846,0.007851591111111727,-0.36089813073084226,NA
2024-06-17,21:00:00,2024-06-17T21:00:00Z,12,Rubble_Dom,27.2,26.615,36.4,NA,NA,NA,NA,NA,8.151929905228979,NA,NA,8.024148529493765,NA,NA,NA,0.1277813757352142,NA,NA,NA,NA,NA,NA
2024-06-18,12:00:00,2024-06-18T12:00:00Z,12,Rubble_Dom,27.9,27.495,36.2,NA,NA,NA,NA,NA,8.176604097922631,NA,NA,8.017836744226718,NA,NA,NA,0.15876735369591266,NA,NA,NA,NA,NA,NA
2024-06-18,21:00:00,2024-06-18T21:00:00Z,12,Rubble_Dom,26.6,26.171,36.2,NA,NA,NA,NA,NA,7.932421412531479,NA,NA,7.992381019340971,NA,NA,NA,-0.05995960680949164,NA,NA,NA,NA,NA,NA
2024-06-19,12:00:00,2024-06-19T12:00:00Z,12,Rubble_Dom,28.1,27.651,36.3,NA,NA,NA,NA,NA,8.293049612284145,NA,NA,8.028898687133404,NA,NA,NA,0.2641509251507408,NA,NA,NA,NA,NA,NA
2024-06-19,21:00:00,2024-06-19T21:00:00Z,12,Rubble_Dom,26.9,26.103,36.2,NA,NA,NA,NA,NA,7.974753130271745,NA,NA,NA,NA,NA,NA,NA,NA,NA,NA,NA,NA,NA
2024-06-20,12:00:00,2024-06-20T12:00:00Z,12,Rubble_Dom,28.2,26.944,36.3,30,8,4.385964912280701,0.6333333333333333,2285.651753,8.261349284540653,1798.7669444259539,101.3790481,8.100975378828668,2352.5628,1973.6442718193389,104.5470567,0.1603739057119853,66.91104700000005,174.87732739338503,-3.168008599999993,0.1544406092237038,0.6528449495285743,NA
2024-06-20,21:00:00,2024-06-20T21:00:00Z,12,Rubble_Dom,27.7,26.513,36.3,8,29,4.504504504504505,0.6166666666666667,2349.608612,7.987567909203527,2047.3756655587263,206.4561877,8.021834188233026,2370.924852,2051.3785661284323,122.7745538,-0.03426627902949875,21.316240000000107,4.002900569706071,83.68163389999998,0.047906275674074315,-0.029913978891128807,NA
2024-06-24,12:00:00,2024-06-24T12:00:00Z,12,Rubble_Dom,27.9,25.483,36.9,NA,NA,NA,NA,NA,8.31943894736433,NA,NA,NA,NA,NA,NA,NA,NA,NA,NA,NA,NA,NA
2024-06-26,12:00:00,2024-06-26T12:00:00Z,12,Rubble_Dom,29.6,26.487,36.3,NA,NA,NA,NA,2322.518898,8.23022802613535,1837.3573183585584,NA,NA,NA,NA,NA,NA,NA,NA,NA,NA,NA,NA
2024-06-26,21:00:00,2024-06-26T21:00:00Z,12,Rubble_Dom,27.4,24.783,36.4,NA,NA,NA,NA,2388.875606,7.966894633364494,2097.448693130505,NA,NA,NA,NA,NA,NA,NA,NA,NA,NA,NA,NA
2024-06-02,12:00:00,2024-06-02T12:00:00Z,13,Algae_Dom,29.5,28.364,36.6,16,42,2.8735632183908044,0.9666666666666667,2325.067,8.18007416514611,1875.422795376901,148.0041408,8.023945911823436,2343.183,2005.3802097773641,138.7623813,0.15612825332267377,18.115999999999985,129.95741440046322,9.2417595,0.06382199703703699,0.851848318353486,NA
2024-06-02,15:00:00,2024-06-02T15:00:00Z,13,Algae_Dom,29.2,27.83,36.4,NA,NA,NA,NA,NA,8.154507159200017,NA,NA,8.044910440316714,NA,NA,NA,0.10959671888330291,NA,NA,NA,NA,NA,NA
2024-06-02,18:00:00,2024-06-02T18:00:00Z,13,Algae_Dom,28.9,27.69,36.4,68,0,2.4509803921568625,1.1333333333333333,2354.424,8.001514325000825,2031.4448662127033,131.2496357,8.048158791795464,2348.571,1999.2597315960065,113.0158942,-0.04664446679463907,-5.8530000000000655,-32.185134616696814,18.233741499999994,-0.024175057777778047,-0.24169799499659442,NA
2024-06-02,21:00:00,2024-06-02T21:00:00Z,13,Algae_Dom,28.5,25.68,36.4,NA,NA,NA,NA,NA,7.958014138442366,NA,NA,8.044447734591763,NA,NA,NA,-0.08643359614939694,NA,NA,NA,NA,NA,NA
2024-06-03,00:00:00,2024-06-03T00:00:00Z,13,Algae_Dom,28.3,25.05,36.3,5,76,2.05761316872428,1.35,2383.262,7.908541023515754,2119.0324810237753,362.2103624,8.013326415799584,2349.51,2026.1559736398362,318.5825972,-0.10478539228382999,-33.75199999999995,-92.87650738393904,43.6277652,-0.16605983999999974,-0.74784499265796045,NA
2024-06-03,06:00:00,2024-06-03T06:00:00Z,13,Algae_Dom,28.1,25.652,36.4,0,26,6.410256410256411,0.43333333333333335,2347.574,7.885131754673088,2099.887023433149,116.98319,8.022910704031641,2346.113,2018.0196659611627,75.06639913,-0.1377789493585535,-1.46100000000024,-81.86735747198622,41.91679087,-0.002307297777778157,-0.2562722668596657,NA
2024-06-03,09:00:00,2024-06-03T09:00:00Z,13,Algae_Dom,29.4,26.409,36.4,NA,NA,NA,NA,NA,8.149399866153262,NA,NA,8.025277348304238,NA,NA,NA,0.12412251784902395,NA,NA,NA,NA,NA,NA
2024-06-03,12:00:00,2024-06-03T12:00:00Z,13,Algae_Dom,29.2,24.92,36.5,NA,NA,NA,NA,NA,8.201020598084563,NA,NA,8.044381554478994,NA,NA,NA,0.15663904360556913,NA,NA,NA,NA,NA,NA
2024-06-04,12:00:00,2024-06-04T12:00:00Z,13,Algae_Dom,29.9,29,36.4,NA,NA,NA,NA,NA,8.248460849918775,NA,120.3968128,7.985961964711657,NA,NA,89.34117079,0.26249888520711817,NA,NA,31.05564201,NA,NA,NA
2024-06-05,12:00:00,2024-06-05T12:00:00Z,13,Algae_Dom,29.3,27.875,36.4,NA,NA,NA,NA,NA,8.179842335390523,NA,NA,7.955684110495497,NA,NA,NA,0.22415822489502624,NA,NA,NA,NA,NA,NA
2024-06-05,21:00:00,2024-06-05T21:00:00Z,13,Algae_Dom,29.3,25.676,36.6,NA,NA,NA,NA,NA,7.986554894233526,NA,NA,7.9906738000801685,NA,NA,NA,-0.004118905846642207,NA,NA,NA,NA,NA,NA
2024-06-06,12:00:00,2024-06-06T12:00:00Z,13,Algae_Dom,29,27.983,36.4,590,688,0.13041210224308816,21.3,2344.6,8.02591947320032,2006.200059479291,154.6995596,7.995661637354298,2331.111,2012.1711234693287,155.6986687,0.030257835846021486,-13.489000000000033,5.971063990037692,-0.9991091000000267,-1.0471061066666691,1.9741336946666541,NA
2024-06-06,21:00:00,2024-06-06T21:00:00Z,13,Algae_Dom,29.3,27.86,36.4,550,450,0.16666666666666666,16.666666666666668,2342.071,8.057758252005804,1980.2283300549748,93.60542405,8.009516045314887,2275.838,1958.3230270421325,481.39,0.048242206690916944,-66.23299999999972,-21.905303012842296,-387.78457595,NA,1.361952819180623,NA
2024-06-07,12:00:00,2024-06-07T12:00:00Z,13,Algae_Dom,29,28.657,36.4,NA,NA,NA,NA,NA,8.074594971337506,NA,NA,7.999972399671594,NA,NA,NA,0.07462257166591169,NA,NA,NA,NA,NA,NA
2024-06-07,21:00:00,2024-06-07T21:00:00Z,13,Algae_Dom,28.7,27.019,36.4,NA,NA,NA,NA,NA,8.024349294984397,NA,NA,8.02264316579473,NA,NA,NA,0.0017061291896673936,NA,NA,NA,NA,NA,NA
2024-06-08,12:00:00,2024-06-08T12:00:00Z,13,Algae_Dom,28.6,27.06,36.4,NA,NA,NA,NA,NA,8.017618524522073,NA,NA,7.964903683745599,NA,NA,NA,0.05271484077647326,NA,NA,NA,NA,NA,NA
2024-06-08,21:00:00,2024-06-08T21:00:00Z,13,Algae_Dom,28.7,26.897,36.4,NA,NA,NA,NA,NA,8.007242948217558,NA,NA,8.042239520957045,NA,NA,NA,-0.03499657273948742,NA,NA,NA,NA,NA,NA
2024-06-09,12:00:00,2024-06-09T12:00:00Z,13,Algae_Dom,28.6,27.836,36.4,NA,NA,NA,NA,NA,8.018212479333407,NA,NA,7.967216744392893,NA,NA,NA,0.050995734940514126,NA,NA,NA,NA,NA,NA
2024-06-09,21:00:00,2024-06-09T21:00:00Z,13,Algae_Dom,28.7,26.419,36.4,NA,NA,NA,NA,NA,7.985719274550782,NA,NA,7.984542744223117,NA,NA,NA,0.0011765303276645156,NA,NA,NA,NA,NA,NA
2024-06-10,12:00:00,2024-06-10T12:00:00Z,13,Algae_Dom,28.6,27.253,36.4,NA,NA,NA,NA,NA,8.061721012855799,NA,NA,7.991096629559515,NA,NA,NA,0.07062438329628318,NA,NA,NA,NA,NA,NA
2024-06-10,21:00:00,2024-06-10T21:00:00Z,13,Algae_Dom,28.5,25.669,36.4,NA,NA,NA,NA,NA,7.97140352005735,NA,NA,8.004149754364992,NA,NA,NA,-0.03274623430764212,NA,NA,NA,NA,NA,NA
2024-06-11,12:00:00,2024-06-11T12:00:00Z,13,Algae_Dom,27.6,27.055,36.4,210,310,0.32051282051282054,8.666666666666666,2360.016,8.078154809643447,1999.6361145731616,123.1624024,8.004939978475688,2365.709,2047.8780388739215,367.43,0.07321483116775873,5.692999999999756,48.24192430075982,-244.2675976,0.17981445925925152,2.867645766199116,NA
2024-06-11,21:00:00,2024-06-11T21:00:00Z,13,Algae_Dom,27.1,25.497,36.4,312,136,0.3720238095238095,7.466666666666667,NA,8.012347752633271,NA,139.9259272,8.03873994069846,NA,NA,88.69313751,-0.026392188065187838,NA,NA,51.23278968999999,NA,NA,NA
2024-06-12,21:00:00,2024-06-12T21:00:00Z,13,Algae_Dom,27.4,25.847,36.4,NA,NA,NA,NA,NA,8.008821115046246,NA,NA,8.040615624250476,NA,NA,NA,-0.03179450920423044,NA,NA,NA,NA,NA,NA
2024-06-13,12:00:00,2024-06-13T12:00:00Z,13,Algae_Dom,27.4,25.425,36.4,NA,NA,NA,NA,NA,8.0563621718157,NA,NA,8.057496917395941,NA,NA,NA,-0.001134745580241514,NA,NA,NA,NA,NA,NA
2024-06-13,21:00:00,2024-06-13T21:00:00Z,13,Algae_Dom,27.5,26.455,36.3,NA,NA,NA,NA,NA,8.032416988680227,NA,NA,8.027458381071762,NA,NA,NA,0.004958607608465115,NA,NA,NA,NA,NA,NA
2024-06-14,12:00:00,2024-06-14T12:00:00Z,13,Algae_Dom,28.7,28.888,36.1,NA,NA,NA,NA,NA,8.18437234376191,NA,NA,8.021348723496013,NA,NA,NA,0.16302362026589634,NA,NA,NA,NA,NA,NA
2024-06-14,21:00:00,2024-06-14T21:00:00Z,13,Algae_Dom,27.7,26.37,36.1,NA,NA,NA,NA,NA,7.9481168873650345,NA,NA,8.079524151668055,NA,NA,NA,-0.13140726430302063,NA,NA,NA,NA,NA,NA
2024-06-15,12:00:00,2024-06-15T12:00:00Z,13,Algae_Dom,29,28.362,36.2,NA,NA,NA,NA,NA,8.267160469479354,NA,NA,8.030671886159059,NA,NA,NA,0.23648858332029477,NA,NA,NA,NA,NA,NA
2024-06-15,21:00:00,2024-06-15T21:00:00Z,13,Algae_Dom,27.8,26.542,36.2,NA,NA,NA,NA,NA,7.938955265028716,NA,NA,8.080827943422207,NA,NA,NA,-0.14187267839349094,NA,NA,NA,NA,NA,NA
2024-06-16,12:00:00,2024-06-16T12:00:00Z,13,Algae_Dom,28.4,27.903,36.2,86,140,0.7374631268436578,3.7666666666666666,2349.263,8.114736113105979,1958.924632699604,92.71802088,8.033973030042896,2361.208,2015.901249760762,106.7055487,0.08076308306308277,11.945000000000164,56.976617061158095,-13.987527819999997,0.16397388148148373,1.40030858870723,NA
2024-06-16,21:00:00,2024-06-16T21:00:00Z,13,Algae_Dom,27.8,24.179,36.2,120,59,0.931098696461825,2.9833333333333334,2364.81837,8.012439956546752,2045.8310360069006,76.80720802,8.068180630744246,2354.991,1997.7736436824728,78.26424216,-0.0557406741974944,-9.827369999999974,-48.05739232442784,-1.4570341399999904,-0.10684899026666637,-0.9381679053451141,NA
2024-06-17,21:00:00,2024-06-17T21:00:00Z,13,Algae_Dom,27.6,26.882,36.1,NA,NA,NA,NA,NA,8.04347728034212,NA,NA,8.024148529493765,NA,NA,NA,0.019328750848355725,NA,NA,NA,NA,NA,NA
2024-06-18,12:00:00,2024-06-18T12:00:00Z,13,Algae_Dom,27.8,27.568,36.1,NA,NA,NA,NA,NA,8.089331746337889,NA,NA,8.017836744226718,NA,NA,NA,0.07149500211117044,NA,NA,NA,NA,NA,NA
2024-06-18,21:00:00,2024-06-18T21:00:00Z,13,Algae_Dom,26.9,26.341,36.1,NA,NA,NA,NA,NA,7.97695468007825,NA,NA,7.992381019340971,NA,NA,NA,-0.015426339262720745,NA,NA,NA,NA,NA,NA
2024-06-19,12:00:00,2024-06-19T12:00:00Z,13,Algae_Dom,27.8,27.4,36.1,NA,NA,NA,NA,NA,8.102266760230435,NA,NA,8.028898687133404,NA,NA,NA,0.07336807309703097,NA,NA,NA,NA,NA,NA
2024-06-19,21:00:00,2024-06-19T21:00:00Z,13,Algae_Dom,27.2,26.147,36.1,NA,NA,NA,NA,NA,8.05585019667083,NA,NA,NA,NA,NA,NA,NA,NA,NA,NA,NA,NA,NA
2024-06-20,12:00:00,2024-06-20T12:00:00Z,13,Algae_Dom,27.9,26.867,36.2,98,230,0.508130081300813,5.466666666666667,2364.268818,8.121260270588062,1972.862137109471,77.83337635,8.100975378828668,2352.5628,1973.6442718193389,104.5470567,0.02028489175939363,-11.706017999999858,0.7821347098679325,-26.713680350000004,-0.23321856305777489,0.2643834447712681,NA
2024-06-20,21:00:00,2024-06-20T21:00:00Z,13,Algae_Dom,27.3,26.515,36.2,238,111,0.47755491881566375,5.816666666666666,2373.248755,8.0304030142508,2046.8940327264106,86.64635145,8.021834188233026,2370.924852,2051.3785661284323,122.7745538,0.008568826017773645,-2.323902999999973,4.484533402021725,-36.12820235000001,-0.04926330078074018,0.239394229520085,NA
2024-06-24,12:00:00,2024-06-24T12:00:00Z,13,Algae_Dom,27.7,25.533,36.8,NA,NA,NA,NA,NA,8.1472060925650691,NA,NA,NA,NA,NA,NA,NA,NA,NA,NA,NA,NA,NA
2024-06-26,12:00:00,2024-06-26T12:00:00Z,13,Algae_Dom,28.3,25.765,36.4,NA,NA,NA,NA,2354.887836,8.120906529884506,1958.8540037084545,NA,NA,NA,NA,NA,NA,NA,NA,NA,NA,NA,NA
2024-06-26,21:00:00,2024-06-26T21:00:00Z,13,Algae_Dom,27.3,24.783,36.2,NA,NA,NA,NA,2380.445606,8.038731859182244,2048.1172281824797,NA,NA,NA,NA,NA,NA,NA,NA,NA,NA,NA,NA
2024-06-02,12:00:00,2024-06-02T12:00:00Z,14,Algae_Dom,29.3,28.304,36.4,72,29,1.6501650165016502,1.6833333333333333,2337.419,8.107433449962663,1942.3494427302392,139.0759906,8.023945911823436,2343.183,2005.3802097773641,138.7623813,0.08348753813922727,5.764000000000124,63.03076704712498,0.3136093000000244,0.03536107259259334,0.7380030943470941,NA
2024-06-02,15:00:00,2024-06-02T15:00:00Z,14,Algae_Dom,29.1,28.45,36.1,NA,NA,NA,NA,NA,8.083576818238258,NA,NA,8.044910440316714,NA,NA,NA,0.038666377921543926,NA,NA,NA,NA,NA,NA
2024-06-02,18:00:00,2024-06-02T18:00:00Z,14,Algae_Dom,28.8,27.38,36.4,5,176,0.9208103130755063,3.0166666666666666,2343.944,8.025549192585027,2007.7614476832553,102.8582847,8.048158791795464,2348.571,1999.2597315960065,113.0158942,-0.022609599210436926,4.626999999999953,-8.501716087248724,-10.157609500000007,0.050869580740740224,-0.23780657358065957,NA
2024-06-02,21:00:00,2024-06-02T21:00:00Z,14,Algae_Dom,28.6,25.76,36.4,NA,NA,NA,NA,NA,7.9634537288737866,NA,NA,8.044447734591763,NA,NA,NA,-0.08099400571797677,NA,NA,NA,NA,NA,NA
2024-06-03,00:00:00,2024-06-03T00:00:00Z,14,Algae_Dom,28.3,24.94,36.4,5,82,1.9157088122605364,1.45,2377.85,7.9419831672458105,2094.168662110677,99.52792094,8.013326415799584,2349.51,2026.1559736398362,318.5825972,-0.07134324855377372,-28.33999999999969,-68.01268847084066,-219.05467626,-0.14976115555555394,-0.5690573919273753,NA
2024-06-03,06:00:00,2024-06-03T06:00:00Z,14,Algae_Dom,28.1,25.59,36.4,180,210,0.42735042735042733,6.5,2362.2,7.925190078236221,2091.1839985862794,127.2240585,8.022910704031641,2346.113,2018.0196659611627,75.06639913,-0.09772062579542062,-16.08699999999999,-73.16433262511669,52.157659370000005,-0.38108315555555533,-3.0852803368166395,NA
2024-06-03,09:00:00,2024-06-03T09:00:00Z,14,Algae_Dom,29.1,25.897,36.4,NA,NA,NA,NA,NA,8.03511108659006,NA,NA,8.025277348304238,NA,NA,NA,0.009833738285822236,NA,NA,NA,NA,NA,NA
2024-06-03,12:00:00,2024-06-03T12:00:00Z,14,Algae_Dom,29.1,24.62,36.4,NA,NA,NA,NA,NA,8.095376680509569,NA,NA,8.044381554478994,NA,NA,NA,0.05099512603057477,NA,NA,NA,NA,NA,NA
2024-06-04,12:00:00,2024-06-04T12:00:00Z,14,Algae_Dom,29.8,28.95,36.3,NA,NA,NA,NA,NA,8.10298316094365,NA,104.4943259,7.985961964711657,NA,NA,89.34117079,0.1170211962319927,NA,NA,15.15315511,NA,NA,NA
2024-06-05,12:00:00,2024-06-05T12:00:00Z,14,Algae_Dom,29.3,27.942,36.4,NA,NA,NA,NA,NA,8.066344062333362,NA,NA,7.955684110495497,NA,NA,NA,0.11065995183786548,NA,NA,NA,NA,NA,NA
2024-06-05,21:00:00,2024-06-05T21:00:00Z,14,Algae_Dom,28.5,25.564,36.5,NA,NA,NA,NA,NA,8.009914594712397,NA,NA,7.9906738000801685,NA,NA,NA,0.019240794632228386,NA,NA,NA,NA,NA,NA
2024-06-06,12:00:00,2024-06-06T12:00:00Z,14,Algae_Dom,29,27.745,36.4,954,644,0.10429703796412182,26.633333333333333,2344.201,8.003499290721184,2020.040456943408,174.2654466,7.995661637354298,2331.111,2012.1711234693287,155.6986687,0.007837653366885355,-13.090000000000146,-7.8693334740792125,18.566777899999977,NA,-0.2570894238658281,NA
2024-06-06,21:00:00,2024-06-06T21:00:00Z,14,Algae_Dom,28.5,27.91,36.4,412,760,0.1422070534698521,19.533333333333335,2338.711,8.07013116160834,1977.0067123597553,94.85431046,8.009516045314887,2275.838,1958.3230270421325,481.39,0.0606151162934534,-62.87299999999959,-18.683685317622803,-386.53568954,NA,1.8156985218298654,NA
2024-06-07,12:00:00,2024-06-07T12:00:00Z,14,Algae_Dom,29,28.857,36.4,NA,NA,NA,NA,NA,8.095172166653372,NA,NA,7.999972399671594,NA,NA,NA,0.09519976698177768,NA,NA,NA,NA,NA,NA
2024-06-07,21:00:00,2024-06-07T21:00:00Z,14,Algae_Dom,28.5,27.082,36.4,NA,NA,NA,NA,NA,8.022556619379566,NA,NA,8.02264316579473,NA,NA,NA,-8.65464151633688e-5,NA,NA,NA,NA,NA,NA
2024-06-08,12:00:00,2024-06-08T12:00:00Z,14,Algae_Dom,28.6,27.079,36.4,NA,NA,NA,NA,NA,8.015999385581292,NA,NA,7.964903683745599,NA,NA,NA,0.051095701835692786,NA,NA,NA,NA,NA,NA
2024-06-08,21:00:00,2024-06-08T21:00:00Z,14,Algae_Dom,28.5,26.947,36.4,NA,NA,NA,NA,NA,8.008758796851263,NA,NA,8.042239520957045,NA,NA,NA,-0.0334807241057824,NA,NA,NA,NA,NA,NA
2024-06-09,12:00:00,2024-06-09T12:00:00Z,14,Algae_Dom,28.6,27.898,36.4,NA,NA,NA,NA,NA,8.028427136946847,NA,NA,7.967216744392893,NA,NA,NA,0.06121039255395466,NA,NA,NA,NA,NA,NA
2024-06-09,21:00:00,2024-06-09T21:00:00Z,14,Algae_Dom,28.5,26.561,36.4,NA,NA,NA,NA,NA,7.955666367792701,NA,NA,7.984542744223117,NA,NA,NA,-0.028876376430416073,NA,NA,NA,NA,NA,NA
2024-06-10,12:00:00,2024-06-10T12:00:00Z,14,Algae_Dom,28.6,27.253,36.4,NA,NA,NA,NA,NA,8.044974124685758,NA,NA,7.991096629559515,NA,NA,NA,0.05387749512624307,NA,NA,NA,NA,NA,NA
2024-06-10,21:00:00,2024-06-10T21:00:00Z,14,Algae_Dom,28.4,25.729,36.4,NA,NA,NA,NA,NA,7.984850027471263,NA,NA,8.004149754364992,NA,NA,NA,-0.019299726893728497,NA,NA,NA,NA,NA,NA
2024-06-11,12:00:00,2024-06-11T12:00:00Z,14,Algae_Dom,27.7,27.044,36.7,350,126,0.35014005602240894,7.933333333333334,2355.629,8.062119181889239,2002.7772535695133,171.7024542,8.004939978475688,2365.709,2047.8780388739215,367.43,0.05717920341355054,10.079999999999927,45.10078530440819,-195.7275458,0.2914389333333312,2.316522328891351,NA
2024-06-11,21:00:00,2024-06-11T21:00:00Z,14,Algae_Dom,27.2,26.102,36.4,400,312,0.2340823970037453,11.866666666666667,NA,8.031129551783517,NA,91.30261628,8.03873994069846,NA,NA,88.69313751,-0.00761038891494259,NA,NA,2.6094787699999955,NA,NA,NA
2024-06-12,21:00:00,2024-06-12T21:00:00Z,14,Algae_Dom,27.4,25.758,36.4,NA,NA,NA,NA,NA,8.01359913158186,NA,NA,8.040615624250476,NA,NA,NA,-0.02701649266861672,NA,NA,NA,NA,NA,NA
2024-06-13,12:00:00,2024-06-13T12:00:00Z,14,Algae_Dom,27.4,25.499,36.4,NA,NA,NA,NA,NA,8.04984504161221,NA,NA,8.057496917395941,NA,NA,NA,-0.007651875783730944,NA,NA,NA,NA,NA,NA
2024-06-13,21:00:00,2024-06-13T21:00:00Z,14,Algae_Dom,27.5,26.172,36.4,NA,NA,NA,NA,NA,8.03347334101444,NA,NA,8.027458381071762,NA,NA,NA,0.006014959942678644,NA,NA,NA,NA,NA,NA
2024-06-14,12:00:00,2024-06-14T12:00:00Z,14,Algae_Dom,28.5,28.955,36.1,NA,NA,NA,NA,NA,8.122539249958365,NA,NA,8.021348723496013,NA,NA,NA,0.10119052646235183,NA,NA,NA,NA,NA,NA
2024-06-14,21:00:00,2024-06-14T21:00:00Z,14,Algae_Dom,27.4,26.492,36.1,NA,NA,NA,NA,NA,8.033637046869199,NA,NA,8.079524151668055,NA,NA,NA,-0.04588710479885627,NA,NA,NA,NA,NA,NA
2024-06-15,12:00:00,2024-06-15T12:00:00Z,14,Algae_Dom,28.6,28.193,36.2,NA,NA,NA,NA,NA,8.134188212190045,NA,NA,8.030671886159059,NA,NA,NA,0.10351632603098615,NA,NA,NA,NA,NA,NA
2024-06-15,21:00:00,2024-06-15T21:00:00Z,14,Algae_Dom,27.7,26.564,36.2,NA,NA,NA,NA,NA,8.00933135192261,NA,NA,8.080827943422207,NA,NA,NA,-0.07149659149959753,NA,NA,NA,NA,NA,NA
2024-06-16,12:00:00,2024-06-16T12:00:00Z,14,Algae_Dom,29,28.094,36.1,54,30,1.984126984126984,1.4,2306.878,8.221192752768909,1839.8283754106262,99.87830296,8.033973030042896,2361.208,2015.901249760762,106.7055487,0.18721972272601306,54.32999999999993,176.07287435013586,-6.827245739999995,0.2772037333333329,1.5195221311462754,NA
2024-06-16,21:00:00,2024-06-16T21:00:00Z,14,Algae_Dom,27.8,24.056,36.1,56,36,1.8115942028985506,1.5333333333333334,2367.70058,7.959623776515597,2081.0642270847366,82.56041141,8.068180630744246,2354.991,1997.7736436824728,78.26424216,-0.1085568542286488,-12.709580000000187,-83.29058340226379,4.2961692500000055,-0.0710230159407418,-0.8598572228543369,NA
2024-06-17,21:00:00,2024-06-17T21:00:00Z,14,Algae_Dom,27.4,26.877,36.1,NA,NA,NA,NA,NA,8.054915440772868,NA,NA,8.024148529493765,NA,NA,NA,0.03076691127910358,NA,NA,NA,NA,NA,NA
2024-06-18,12:00:00,2024-06-18T12:00:00Z,14,Algae_Dom,27.6,27.441,36.1,NA,NA,NA,NA,NA,8.102102770202064,NA,NA,8.017836744226718,NA,NA,NA,0.08426602597534583,NA,NA,NA,NA,NA,NA
2024-06-18,21:00:00,2024-06-18T21:00:00Z,14,Algae_Dom,26.8,26.131,36.1,NA,NA,NA,NA,NA,7.987922015116624,NA,NA,7.992381019340971,NA,NA,NA,-0.004459004224346863,NA,NA,NA,NA,NA,NA
2024-06-19,12:00:00,2024-06-19T12:00:00Z,14,Algae_Dom,27.6,27.446,36.2,NA,NA,NA,NA,NA,8.1107031398604,NA,NA,8.028898687133404,NA,NA,NA,0.08180445272699544,NA,NA,NA,NA,NA,NA
2024-06-19,21:00:00,2024-06-19T21:00:00Z,14,Algae_Dom,27,26.409,36.2,NA,NA,NA,NA,NA,8.058210071471573,NA,NA,NA,NA,NA,NA,NA,NA,NA,NA,NA,NA,NA
2024-06-20,12:00:00,2024-06-20T12:00:00Z,14,Algae_Dom,27.8,26.92,36.2,240,6,0.6775067750677507,4.1,2355.660884,8.158184529548311,1940.4256754204835,114.2842077,8.100975378828668,2352.5628,1973.6442718193389,104.5470567,0.057209150719643276,-3.0980839999997443,33.218596398855425,9.737150999999997,-0.04629225959110728,1.0390115581951245,NA
2024-06-20,21:00:00,2024-06-20T21:00:00Z,14,Algae_Dom,27.6,26.472,36.4,8,252,0.6410256410256411,4.333333333333333,2370.216445,8.017715515182855,2047.7180157135476,137.600917,8.021834188233026,2370.924852,2051.3785661284323,122.7745538,-0.0041186730501703295,0.7084070000000793,3.6605504148847103,14.826363200000003,0.011187583140741992,0.10443157959309801,NA
2024-06-24,12:00:00,2024-06-24T12:00:00Z,14,Algae_Dom,27.3,25.345,36.8,NA,NA,NA,NA,NA,8.127594489579456,NA,NA,NA,NA,NA,NA,NA,NA,NA,NA,NA,NA,NA
2024-06-26,12:00:00,2024-06-26T12:00:00Z,14,Algae_Dom,29.5,25.953,36.3,NA,NA,NA,NA,2316.619367,8.306165883046305,1774.2807431692706,NA,NA,NA,NA,NA,NA,NA,NA,NA,NA,NA,NA
2024-06-26,21:00:00,2024-06-26T21:00:00Z,14,Algae_Dom,26.5,24.395,36.4,NA,NA,NA,NA,2395.685285,7.886651135942547,2156.371468761932,NA,NA,NA,NA,NA,NA,NA,NA,NA,NA,NA,NA
2024-06-02,12:00:00,2024-06-02T12:00:00Z,15,Control,29.4,28.12,36.3,0,34,4.901960784313725,0.5666666666666667,2362.45,8.035051100622374,2013.2316287238818,132.8315585,8.023945911823436,2343.183,2005.3802097773641,138.7623813,0.01110518879893796,-19.266999999999825,-7.851418946517697,-5.930822799999987,-0.03978992296296261,0.007360654780901366,NA
2024-06-02,15:00:00,2024-06-02T15:00:00Z,15,Control,29.3,28.13,36.5,NA,NA,NA,NA,NA,8.045358092642912,NA,NA,8.044910440316714,NA,NA,NA,4.476523261978116e-4,NA,NA,NA,NA,NA,NA
2024-06-02,18:00:00,2024-06-02T18:00:00Z,15,Control,29,27.58,36.4,58,0,2.8735632183908044,0.9666666666666667,2354.266,8.04984280209234,1999.3138681901607,129.0016402,8.048158791795464,2348.571,1999.2597315960065,113.0158942,0.0016840102968753712,-5.695000000000164,-0.054136594154215345,15.985745999999992,-0.02006327407407465,0.019681831641782135,NA
2024-06-02,21:00:00,2024-06-02T21:00:00Z,15,Control,28.5,25.67,36.4,NA,NA,NA,NA,NA,8.052011072383975,NA,NA,8.044447734591763,NA,NA,NA,0.0075633377922113,NA,NA,NA,NA,NA,NA
2024-06-03,00:00:00,2024-06-03T00:00:00Z,15,Control,28.3,24.74,36.4,100,18,1.4124293785310733,1.9666666666666666,2358.249,8.050699337614258,2009.1957695051874,93.1169707,8.013326415799584,2349.51,2026.1559736398362,318.5825972,0.03737292181467389,-8.738999999999578,16.960204134648848,-225.4656265,-0.06263597333333032,0.3057573588249781,NA
2024-06-03,06:00:00,2024-06-03T06:00:00Z,15,Control,28.1,25.619,36.4,5,92,1.7182130584192439,1.6166666666666667,2339.474,8.026041808526687,2010.0674085660035,153.1176368,8.022910704031641,2346.113,2018.0196659611627,75.06639913,0.003131104495045278,6.638999999999669,7.952257395159222,78.05123767000002,0.0391160044444425,0.05459104047570041,NA
2024-06-03,09:00:00,2024-06-03T09:00:00Z,15,Control,28.9,25.811,36.4,NA,NA,NA,NA,NA,8.024484188192769,NA,NA,8.025277348304238,NA,NA,NA,-7.931601114687936e-4,NA,NA,NA,NA,NA,NA
2024-06-03,12:00:00,2024-06-03T12:00:00Z,15,Control,29,25.58,36.4,NA,NA,NA,NA,NA,8.052513307443077,NA,NA,8.044381554478994,NA,NA,NA,0.00813175296408275,NA,NA,NA,NA,NA,NA
2024-06-04,12:00:00,2024-06-04T12:00:00Z,15,Control,29.7,28.91,36.4,NA,NA,NA,NA,NA,8.002932345898575,NA,89.92398445,7.985961964711657,NA,NA,89.34117079,0.016970381186918182,NA,NA,0.5828136599999993,NA,NA,NA
2024-06-05,12:00:00,2024-06-05T12:00:00Z,15,Control,29.2,28.141,36.4,NA,NA,NA,NA,NA,7.993269355043449,NA,NA,7.955684110495497,NA,NA,NA,0.037585244547951646,NA,NA,NA,NA,NA,NA
2024-06-05,21:00:00,2024-06-05T21:00:00Z,15,Control,28.9,25.49,36.4,NA,NA,NA,NA,NA,7.995004614053894,NA,NA,7.9906738000801685,NA,NA,NA,0.004330813973725256,NA,NA,NA,NA,NA,NA
2024-06-06,12:00:00,2024-06-06T12:00:00Z,15,Control,29.2,27.896,36.4,216,424,0.2604166666666667,10.666666666666666,2329.286,8.01092647992527,2000.0582036099336,155.115855,7.995661637354298,2331.111,2012.1711234693287,155.6986687,0.01526484257097227,1.824999999999818,12.112919859395106,-0.5828137000000027,0.0709451851851781,0.8708119025497183,NA
2024-06-06,21:00:00,2024-06-06T21:00:00Z,15,Control,28.9,27.803,36.4,400,198,0.2787068004459309,9.966666666666667,2338.045,8.073743865147419,1970.0003857664453,102.430888,8.009516045314887,2275.838,1958.3230270421325,481.39,0.06422781983253145,-62.20699999999988,-11.677358724312853,-378.959112,NA,1.4112300201401364,NA
2024-06-07,12:00:00,2024-06-07T12:00:00Z,15,Control,29.2,28.591,36.4,NA,NA,NA,NA,NA,8.027961453145563,NA,NA,7.999972399671594,NA,NA,NA,0.027989053473969072,NA,NA,NA,NA,NA,NA
2024-06-07,21:00:00,2024-06-07T21:00:00Z,15,Control,28.9,26.817,36.4,NA,NA,NA,NA,NA,8.037464846174089,NA,NA,8.02264316579473,NA,NA,NA,0.014821680379359492,NA,NA,NA,NA,NA,NA
2024-06-08,12:00:00,2024-06-08T12:00:00Z,15,Control,29.2,27.669,36.4,NA,NA,NA,NA,NA,8.01528006261197,NA,NA,7.964903683745599,NA,NA,NA,0.05037637886637025,NA,NA,NA,NA,NA,NA
2024-06-08,21:00:00,2024-06-08T21:00:00Z,15,Control,28.9,26.875,36.4,NA,NA,NA,NA,NA,8.01920780637338,NA,NA,8.042239520957045,NA,NA,NA,-0.02303171458366471,NA,NA,NA,NA,NA,NA
2024-06-09,12:00:00,2024-06-09T12:00:00Z,15,Control,29.2,28.419,36.4,NA,NA,NA,NA,NA,7.994084605793882,NA,NA,7.967216744392893,NA,NA,NA,0.026867861400988957,NA,NA,NA,NA,NA,NA
2024-06-09,21:00:00,2024-06-09T21:00:00Z,15,Control,28.9,26.249,36.4,NA,NA,NA,NA,NA,7.995584019504458,NA,NA,7.984542744223117,NA,NA,NA,0.011041275281340468,NA,NA,NA,NA,NA,NA
2024-06-10,12:00:00,2024-06-10T12:00:00Z,15,Control,29.2,27.092,36.4,NA,NA,NA,NA,NA,7.998542721315497,NA,NA,7.991096629559515,NA,NA,NA,0.007446091755981321,NA,NA,NA,NA,NA,NA
2024-06-10,21:00:00,2024-06-10T21:00:00Z,15,Control,28.7,25.76,36.4,NA,NA,NA,NA,NA,7.993812851968652,NA,NA,8.004149754364992,NA,NA,NA,-0.010336902396339553,NA,NA,NA,NA,NA,NA
2024-06-11,12:00:00,2024-06-11T12:00:00Z,15,Control,27.5,26.937,36.4,86,236,0.5175983436853001,5.366666666666666,2359.031,8.034043875641386,2028.2970837013793,138.6,8.004939978475688,2365.709,2047.8780388739215,367.43,0.02910389716569739,6.677999999999884,19.58095517254219,-228.83,0.1306117866666644,0.6353371620382304,NA
2024-06-11,21:00:00,2024-06-11T21:00:00Z,15,Control,27,25.984,36.5,5,47,3.2051282051282053,0.8666666666666667,NA,8.039098540267085,NA,235.2575898,8.03873994069846,NA,NA,88.69313751,3.5859956862616116e-4,NA,NA,146.56445229000002,NA,NA,NA
2024-06-11,21:00:00,2024-06-11T21:00:00Z,15,Control,27,25.984,36.5,5,47,3.2051282051282053,0.8666666666666667,NA,8.039098540267085,NA,79.81286131,8.03873994069846,NA,NA,88.69313751,3.5859956862616116e-4,NA,NA,-8.880276199999997,NA,NA,NA
2024-06-12,21:00:00,2024-06-12T21:00:00Z,15,Control,27.3,25.529,36.5,NA,NA,NA,NA,NA,8.031481787584207,NA,NA,8.040615624250476,NA,NA,NA,-0.00913383666626899,NA,NA,NA,NA,NA,NA
2024-06-13,12:00:00,2024-06-13T12:00:00Z,15,Control,27.6,25.41,36.5,NA,NA,NA,NA,NA,8.034958221879078,NA,NA,8.057496917395941,NA,NA,NA,-0.022538695516862717,NA,NA,NA,NA,NA,NA
2024-06-13,21:00:00,2024-06-13T21:00:00Z,15,Control,27.4,26.528,36.4,NA,NA,NA,NA,NA,8.064604574099297,NA,NA,8.027458381071762,NA,NA,NA,0.03714619302753519,NA,NA,NA,NA,NA,NA
2024-06-14,12:00:00,2024-06-14T12:00:00Z,15,Control,28.9,28.647,36.1,NA,NA,NA,NA,NA,8.048788182220774,NA,NA,8.021348723496013,NA,NA,NA,0.027439458724760613,NA,NA,NA,NA,NA,NA
2024-06-14,21:00:00,2024-06-14T21:00:00Z,15,Control,27.8,26.552,36.1,NA,NA,NA,NA,NA,8.057918472479624,NA,NA,8.079524151668055,NA,NA,NA,-0.021605679188430926,NA,NA,NA,NA,NA,NA
2024-06-15,12:00:00,2024-06-15T12:00:00Z,15,Control,29.1,28.467,36.2,NA,NA,NA,NA,NA,8.06211824383426,NA,NA,8.030671886159059,NA,NA,NA,0.03144635767520043,NA,NA,NA,NA,NA,NA
2024-06-15,21:00:00,2024-06-15T21:00:00Z,15,Control,27.8,26.781,36.2,NA,NA,NA,NA,NA,8.060465975539676,NA,NA,8.080827943422207,NA,NA,NA,-0.020361967882530863,NA,NA,NA,NA,NA,NA
2024-06-16,12:00:00,2024-06-16T12:00:00Z,15,Control,28.6,27.856,36.1,82,86,0.992063492063492,2.8,2357.934,8.071185005066491,1994.9661149156807,90.47002534,8.033973030042896,2361.208,2015.901249760762,106.7055487,0.0372119750235953,3.2739999999998872,20.935134845081393,-16.235523359999988,0.03340935111110996,0.3938534898160623,NA
2024-06-16,21:00:00,2024-06-16T21:00:00Z,15,Control,27.8,23.807,36.2,126,6,1.2626262626262625,2.2,2360.11589,8.070395209166488,2004.5493829405868,NA,8.068180630744246,2354.991,1997.7736436824728,78.26424216,0.0022145784222420417,-5.12489000000005,-6.775739258114072,NA,-0.041090229155555956,-0.06756251414789102,NA
2024-06-17,21:00:00,2024-06-17T21:00:00Z,15,Control,27.5,26.889,36.1,NA,NA,NA,NA,NA,8.065166991542926,NA,NA,8.024148529493765,NA,NA,NA,0.04101846204916093,NA,NA,NA,NA,NA,NA
2024-06-18,12:00:00,2024-06-18T12:00:00Z,15,Control,27.7,27.581,36.1,NA,NA,NA,NA,NA,8.059067584680403,NA,NA,8.017836744226718,NA,NA,NA,0.04123084045368408,NA,NA,NA,NA,NA,NA
2024-06-18,21:00:00,2024-06-18T21:00:00Z,15,Control,26.9,26.284,36.1,NA,NA,NA,NA,NA,8.012086198821764,NA,NA,7.992381019340971,NA,NA,NA,0.019705179480793866,NA,NA,NA,NA,NA,NA
2024-06-19,12:00:00,2024-06-19T12:00:00Z,15,Control,27.7,27.266,36.1,NA,NA,NA,NA,NA,8.056482204529951,NA,NA,8.028898687133404,NA,NA,NA,0.027583517396546853,NA,NA,NA,NA,NA,NA
2024-06-19,21:00:00,2024-06-19T21:00:00Z,15,Control,27.1,26.405,36.1,NA,NA,NA,NA,NA,8.091754854837772,NA,NA,NA,NA,NA,NA,NA,NA,NA,NA,NA,NA,NA
2024-06-20,12:00:00,2024-06-20T12:00:00Z,15,Control,27.9,26.922,36.2,158,352,0.326797385620915,8.5,2369.510558,8.072760138404712,2010.3784915366261,NA,8.100975378828668,2352.5628,1973.6442718193389,104.5470567,-0.028215240423955734,-16.947757999999794,-36.73421971728726,271.25396520000004,-0.5250038811555493,-1.7508851093288258,NA
2024-06-20,21:00:00,2024-06-20T21:00:00Z,15,Control,26.8,26.472,36.1,380,185,0.2949852507374631,9.416666666666666,2365.934912,8.078065657285293,2015.4075031827865,92.8907835,8.021834188233026,2370.924852,2051.3785661284323,122.7745538,0.05623146905226761,4.989939999999933,35.971062945645826,-29.88377030000001,0.171247348296294,NA,NA
2024-06-24,12:00:00,2024-06-24T12:00:00Z,15,Control,27.7,25.452,36.8,NA,NA,NA,NA,NA,8.09983787246137,NA,NA,NA,NA,NA,NA,NA,NA,NA,NA,NA,NA,NA
2024-06-26,12:00:00,2024-06-26T12:00:00Z,15,Control,29.4,25.703,36.4,NA,NA,NA,NA,2370.790144,8.082017736491009,1988.3006218683524,NA,NA,NA,NA,NA,NA,NA,NA,NA,NA,NA,NA
2024-06-26,21:00:00,2024-06-26T21:00:00Z,15,Control,26.8,24.56,36.3,NA,NA,NA,NA,2382.436714,8.059443466756976,2040.6304957785371,NA,NA,NA,NA,NA,NA,NA,NA,NA,NA,NA,NA
2024-06-02,12:00:00,2024-06-02T12:00:00Z,16,Coral_Dom,28.9,27.979,36.4,97,424,0.3198976327575176,8.683333333333334,2340.188,8.050832465747686,1987.0802819783344,140.0750997,8.023945911823436,2343.183,2005.3802097773641,138.7623813,0.026886553924249768,2.994999999999891,18.299927799029774,1.3127184000000227,0.09477954814814468,1.063456771007633,NA
2024-06-02,15:00:00,2024-06-02T15:00:00Z,16,Coral_Dom,28.9,28.09,36.4,NA,NA,NA,NA,NA,8.047805377575596,NA,NA,8.044910440316714,NA,NA,NA,0.002894937258881569,NA,NA,NA,NA,NA,NA
2024-06-02,18:00:00,2024-06-02T18:00:00Z,16,Coral_Dom,28.6,27.39,36.2,164,326,0.3401360544217687,8.166666666666666,2359.864,7.988049103736814,2049.0274884341256,134.3302222,8.048158791795464,2348.571,1999.2597315960065,113.0158942,-0.0601096880586498,-11.29300000000012,-49.76775683811911,21.314328000000003,-0.3361131407407443,-2.626358666304627,NA
2024-06-02,21:00:00,2024-06-02T21:00:00Z,16,Coral_Dom,28.4,25.54,36.4,NA,NA,NA,NA,NA,8.043079875194554,NA,NA,8.044447734591763,NA,NA,NA,-0.0013678593972095143,NA,NA,NA,NA,NA,NA
2024-06-03,00:00:00,2024-06-03T00:00:00Z,16,Coral_Dom,28.2,24.598,36.4,90,254,0.4844961240310077,5.733333333333333,2303.17,8.036656826777765,1969.7852970217991,89.45357057,8.013326415799584,2349.51,2026.1559736398362,318.5825972,0.023330410978180893,46.340000000000146,56.37067661803712,-229.12902663,0.9682657185185215,1.3874439793208724,NA
2024-06-03,06:00:00,2024-06-03T06:00:00Z,16,Coral_Dom,28.1,25.417,36.4,140,34,0.9578544061302682,2.9,2339.202,8.011997058176139,2018.6042000676753,91.25612995,8.022910704031641,2346.113,2018.0196659611627,75.06639913,-0.010913645855502807,6.9109999999996035,-0.5845341065125922,16.18973082000001,0.07304159111110693,-0.08539734315810199,NA
2024-06-03,09:00:00,2024-06-03T09:00:00Z,16,Coral_Dom,28.7,25.934,36.3,NA,NA,NA,NA,NA,8.042788406233543,NA,NA,8.025277348304238,NA,NA,NA,0.01751105792930474,NA,NA,NA,NA,NA,NA
2024-06-03,12:00:00,2024-06-03T12:00:00Z,16,Coral_Dom,28.8,24.63,36.4,NA,NA,NA,NA,NA,8.052842334197361,NA,NA,8.044381554478994,NA,NA,NA,0.008460779718367561,NA,NA,NA,NA,NA,NA
2024-06-04,12:00:00,2024-06-04T12:00:00Z,16,Coral_Dom,29.2,28.52,36.4,NA,NA,NA,NA,NA,8.037771997617792,NA,93.08783002,7.985961964711657,NA,NA,89.34117079,0.051810032906135284,NA,NA,3.7466592299999917,NA,NA,NA
2024-06-05,12:00:00,2024-06-05T12:00:00Z,16,Coral_Dom,29,28.038,36.4,NA,NA,NA,NA,NA,8.014381885374814,NA,NA,7.955684110495497,NA,NA,NA,0.05869777487931671,NA,NA,NA,NA,NA,NA
2024-06-05,21:00:00,2024-06-05T21:00:00Z,16,Coral_Dom,29,25.024,36.4,NA,NA,NA,NA,NA,7.799514557992445,NA,NA,7.9906738000801685,NA,NA,NA,-0.19115924208772306,NA,NA,NA,NA,NA,NA
2024-06-06,12:00:00,2024-06-06T12:00:00Z,16,Coral_Dom,29.2,27.863,36.4,10,330,0.49019607843137253,5.666666666666667,NA,8.007488807324682,2448.302885367777,155.6154096,7.995661637354298,2331.111,2012.1711234693287,155.6986687,0.0118271699703838,-493.30700000000024,-436.1317618984483,-0.08325910000002068,NA,NA,NA
2024-06-06,21:00:00,2024-06-06T21:00:00Z,16,Coral_Dom,29,27.735,36.4,340,50,0.42735042735042733,6.5,2333.698,8.04861151532052,1981.7561017423877,92.77283311,8.009516045314887,2275.838,1958.3230270421325,481.39,0.039095470005632293,-57.85999999999967,-23.433074700255247,-388.61716689,NA,0.26043210531234373,NA
2024-06-07,12:00:00,2024-06-07T12:00:00Z,16,Coral_Dom,29.4,28.62,36.4,NA,NA,NA,NA,NA,8.035008292067394,NA,NA,7.999972399671594,NA,NA,NA,0.03503589239579963,NA,NA,NA,NA,NA,NA
2024-06-07,21:00:00,2024-06-07T21:00:00Z,16,Coral_Dom,29,27.122,36.4,NA,NA,NA,NA,NA,8.021752895561207,NA,NA,8.02264316579473,NA,NA,NA,-8.902702335227275e-4,NA,NA,NA,NA,NA,NA
2024-06-08,12:00:00,2024-06-08T12:00:00Z,16,Coral_Dom,29.3,26.717,36.4,NA,NA,NA,NA,NA,7.995919521613042,NA,NA,7.964903683745599,NA,NA,NA,0.031015837867442997,NA,NA,NA,NA,NA,NA
2024-06-08,21:00:00,2024-06-08T21:00:00Z,16,Coral_Dom,29,26.864,36.4,NA,NA,NA,NA,NA,8.007606579763046,NA,NA,8.042239520957045,NA,NA,NA,-0.0346329411939994,NA,NA,NA,NA,NA,NA
2024-06-09,12:00:00,2024-06-09T12:00:00Z,16,Coral_Dom,29.3,27.823,36.4,NA,NA,NA,NA,NA,7.992487709643406,NA,NA,7.967216744392893,NA,NA,NA,0.0252709652505132,NA,NA,NA,NA,NA,NA
2024-06-09,21:00:00,2024-06-09T21:00:00Z,16,Coral_Dom,28.6,26.391,36.4,NA,NA,NA,NA,NA,7.990506207600556,NA,NA,7.984542744223117,NA,NA,NA,0.005963463377439027,NA,NA,NA,NA,NA,NA
2024-06-10,12:00:00,2024-06-10T12:00:00Z,16,Coral_Dom,29.3,26.974,36.4,NA,NA,NA,NA,NA,8.0217768929419,NA,NA,7.991096629559515,NA,NA,NA,0.030680263382385498,NA,NA,NA,NA,NA,NA
2024-06-10,21:00:00,2024-06-10T21:00:00Z,16,Coral_Dom,28.8,25.584,36.4,NA,NA,NA,NA,NA,7.980022275453556,NA,NA,8.004149754364992,NA,NA,NA,-0.02412747891143585,NA,NA,NA,NA,NA,NA
2024-06-11,12:00:00,2024-06-11T12:00:00Z,16,Coral_Dom,27.5,26.784,36.4,226,486,0.2340823970037453,11.866666666666667,2336.816,8.036951555764219,2006.4566283958738,108.8418382,8.004939978475688,2365.709,2047.8780388739215,367.43,0.032011577288530546,28.89300000000003,41.42141047804762,-258.5881618,1.2495473422222236,2.3331898864449356,NA
2024-06-11,21:00:00,2024-06-11T21:00:00Z,16,Coral_Dom,27.1,25.947,36,200,418,0.2696871628910464,10.3,NA,8.027990920150934,NA,109.7861351,8.03873994069846,NA,NA,88.69313751,-0.010749020547525134,NA,NA,21.092997589999996,NA,NA,NA
2024-06-11,21:00:00,2024-06-11T21:00:00Z,16,Coral_Dom,27.1,25.947,36,200,418,0.2696871628910464,10.3,NA,8.027990920150934,NA,74.53423475,8.03873994069846,NA,NA,88.69313751,-0.010749020547525134,NA,NA,-14.158902760000004,NA,NA,NA
2024-06-12,21:00:00,2024-06-12T21:00:00Z,16,Coral_Dom,27.4,25.691,36.4,NA,NA,NA,NA,NA,8.011716941257886,NA,NA,8.040615624250476,NA,NA,NA,-0.028898682992590352,NA,NA,NA,NA,NA,NA
2024-06-13,12:00:00,2024-06-13T12:00:00Z,16,Coral_Dom,27.4,25.382,36.5,NA,NA,NA,NA,NA,8.037934013272459,NA,NA,8.057496917395941,NA,NA,NA,-0.019562904123482383,NA,NA,NA,NA,NA,NA
2024-06-13,21:00:00,2024-06-13T21:00:00Z,16,Coral_Dom,27,26.317,36.3,NA,NA,NA,NA,NA,8.0581516835613,NA,NA,8.027458381071762,NA,NA,NA,0.03069330248953861,NA,NA,NA,NA,NA,NA
2024-06-14,12:00:00,2024-06-14T12:00:00Z,16,Coral_Dom,28.4,28.363,36.1,NA,NA,NA,NA,NA,8.104089613774752,NA,NA,8.021348723496013,NA,NA,NA,0.08274089027873899,NA,NA,NA,NA,NA,NA
2024-06-14,21:00:00,2024-06-14T21:00:00Z,16,Coral_Dom,27.5,26.203,36.1,NA,NA,NA,NA,NA,8.024533042292,NA,NA,8.079524151668055,NA,NA,NA,-0.054991109376056,NA,NA,NA,NA,NA,NA
2024-06-15,12:00:00,2024-06-15T12:00:00Z,16,Coral_Dom,28.9,28.491,36.2,NA,NA,NA,NA,NA,8.19718116806824,NA,NA,8.030671886159059,NA,NA,NA,0.1665092819091818,NA,NA,NA,NA,NA,NA
2024-06-15,21:00:00,2024-06-15T21:00:00Z,16,Coral_Dom,27.8,26.519,36.2,NA,NA,NA,NA,NA,7.952303099899652,NA,NA,8.080827943422207,NA,NA,NA,-0.12852484352255544,NA,NA,NA,NA,NA,NA
2024-06-16,12:00:00,2024-06-16T12:00:00Z,16,Coral_Dom,28.2,27.632,36.2,232,220,0.3687315634218289,7.533333333333333,2333.479,8.063486644660319,1981.3559517780866,148.1685775,8.033973030042896,2361.208,2015.901249760762,106.7055487,0.0295136146174233,27.72900000000027,34.54529798267549,41.463028800000004,0.7612945600000074,1.1355749576738956,NA
2024-06-16,21:00:00,2024-06-16T21:00:00Z,16,Coral_Dom,27.8,23.469,36.2,148,205,0.4721435316336166,5.883333333333334,2348.7789,8.055900295352842,2003.8616600609535,NA,8.068180630744246,2354.991,1997.7736436824728,78.26424216,-0.012280335391404051,6.212100000000191,-6.088016378480688,NA,0.13319662711111518,-0.3942688079874144,NA
2024-06-17,21:00:00,2024-06-17T21:00:00Z,16,Coral_Dom,27.5,26.884,36.1,NA,NA,NA,NA,NA,8.041656482721056,NA,NA,8.024148529493765,NA,NA,NA,0.01750795322729104,NA,NA,NA,NA,NA,NA
2024-06-18,12:00:00,2024-06-18T12:00:00Z,16,Coral_Dom,27.7,27.462,36.1,NA,NA,NA,NA,NA,8.095596446306502,NA,NA,8.017836744226718,NA,NA,NA,0.07775970207978311,NA,NA,NA,NA,NA,NA
2024-06-18,21:00:00,2024-06-18T21:00:00Z,16,Coral_Dom,26.8,26.131,36.2,NA,NA,NA,NA,NA,7.9713138560049766,NA,NA,7.992381019340971,NA,NA,NA,-0.02106716333599401,NA,NA,NA,NA,NA,NA
2024-06-19,12:00:00,2024-06-19T12:00:00Z,16,Coral_Dom,27.9,27.266,36.1,NA,NA,NA,NA,NA,8.135561927267133,NA,NA,8.028898687133404,NA,NA,NA,0.10666324013372908,NA,NA,NA,NA,NA,NA
2024-06-19,21:00:00,2024-06-19T21:00:00Z,16,Coral_Dom,26.9,26.245,36.2,NA,NA,NA,NA,NA,8.015541556766738,NA,NA,NA,NA,NA,NA,NA,NA,NA,NA,NA,NA,NA
2024-06-20,12:00:00,2024-06-20T12:00:00Z,16,Coral_Dom,28.2,26.886,36.2,70,6,2.1929824561403506,1.2666666666666666,2228.207009,8.205620974033588,1791.728502653648,88.89018403,8.100975378828668,2352.5628,1973.6442718193389,104.5470567,0.10464559520491967,124.35579099999995,181.9157691656908,-15.656872669999998,0.5740631774162961,1.1054910054586449,NA
2024-06-20,21:00:00,2024-06-20T21:00:00Z,16,Coral_Dom,26.9,26.322,36.3,6,65,2.347417840375587,1.1833333333333333,2332.392688,7.975634868710568,2045.769482624971,94.38944719,8.021834188233026,2370.924852,2051.3785661284323,122.7745538,-0.04619931952245793,38.53216400000019,5.6090835034613065,-28.38510661000001,0.16617352504296382,-0.11779414110644275,NA
2024-06-24,12:00:00,2024-06-24T12:00:00Z,16,Coral_Dom,27.3,25.427,36.8,NA,NA,NA,NA,NA,8.132873899694571,NA,NA,NA,NA,NA,NA,NA,NA,NA,NA,NA,NA,NA
2024-06-26,12:00:00,2024-06-26T12:00:00Z,16,Coral_Dom,29.6,25.436,36.3,NA,NA,NA,NA,2183.20645,8.081363458828744,1821.7007788304447,NA,NA,NA,NA,NA,NA,NA,NA,NA,NA,NA,NA
2024-06-26,21:00:00,2024-06-26T21:00:00Z,16,Coral_Dom,26.9,24.445,36.3,NA,NA,NA,NA,2363.382042,8.01370021313189,2051.2615290156155,NA,NA,NA,NA,NA,NA,NA,NA,NA,NA,NA,NA
2024-06-26,14:00:00,2024-06-26T14:00:00Z,NA,Algae_Dom,NA,NA,NA,NA,NA,NA,NA,NA,NA,NA,159.1608593,NA,NA,NA,NA,NA,NA,NA,NA,NA,NA,NA
2024-06-26,14:00:00,2024-06-26T14:00:00Z,NA,Algae_Dom,NA,NA,NA,NA,NA,NA,NA,NA,NA,NA,126.5232945,NA,NA,NA,NA,NA,NA,NA,NA,NA,NA,NA
2024-06-26,14:00:00,2024-06-26T14:00:00Z,NA,Rubble_Dom,NA,NA,NA,NA,NA,NA,NA,NA,NA,NA,184.3051057,NA,NA,NA,NA,NA,NA,NA,NA,NA,NA,NA
2024-06-26,14:00:00,2024-06-26T14:00:00Z,NA,Rubble_Dom,NA,NA,NA,NA,NA,NA,NA,NA,NA,NA,130.1866946,NA,NA,NA,NA,NA,NA,NA,NA,NA,NA,NA
2024-06-26,14:00:00,2024-06-26T14:00:00Z,NA,Control,NA,NA,NA,NA,NA,NA,NA,NA,NA,NA,99.29757078,NA,NA,NA,NA,NA,NA,NA,NA,NA,NA,NA
2024-06-26,14:00:00,2024-06-26T14:00:00Z,NA,Control,NA,NA,NA,NA,NA,NA,NA,NA,NA,NA,98.63149803,NA,NA,NA,NA,NA,NA,NA,NA,NA,NA,NA
2024-06-26,14:00:00,2024-06-26T14:00:00Z,NA,Algae_Dom,NA,NA,NA,NA,NA,NA,NA,NA,NA,NA,157.9119729,NA,NA,NA,NA,NA,NA,NA,NA,NA,NA,NA
2024-06-26,14:00:00,2024-06-26T14:00:00Z,NA,Algae_Dom,NA,NA,NA,NA,NA,NA,NA,NA,NA,NA,91.80425232,NA,NA,NA,NA,NA,NA,NA,NA,NA,NA,NA
2024-06-26,14:00:00,2024-06-26T14:00:00Z,NA,Rubble_Dom,NA,NA,NA,NA,NA,NA,NA,NA,NA,NA,96.71653886,NA,NA,NA,NA,NA,NA,NA,NA,NA,NA,NA
2024-06-26,14:00:00,2024-06-26T14:00:00Z,NA,Rubble_Dom,NA,NA,NA,NA,NA,NA,NA,NA,NA,NA,101.9618618,NA,NA,NA,NA,NA,NA,NA,NA,NA,NA,NA
2024-06-26,14:00:00,2024-06-26T14:00:00Z,NA,Coral_Dom,NA,NA,NA,NA,NA,NA,NA,NA,NA,NA,89.38973859,NA,NA,NA,NA,NA,NA,NA,NA,NA,NA,NA
2024-06-26,14:00:00,2024-06-26T14:00:00Z,NA,Coral_Dom,NA,NA,NA,NA,NA,NA,NA,NA,NA,NA,94.71832061,NA,NA,NA,NA,NA,NA,NA,NA,NA,NA,NA
2024-06-26,14:00:00,2024-06-26T14:00:00Z,NA,Coral_Dom,NA,NA,NA,NA,NA,NA,NA,NA,NA,NA,175.3131236,NA,NA,NA,NA,NA,NA,NA,NA,NA,NA,NA
2024-06-26,14:00:00,2024-06-26T14:00:00Z,NA,Coral_Dom,NA,NA,NA,NA,NA,NA,NA,NA,NA,NA,104.4596346,NA,NA,NA,NA,NA,NA,NA,NA,NA,NA,NA
2024-06-26,14:00:00,2024-06-26T14:00:00Z,NA,Control,NA,NA,NA,NA,NA,NA,NA,NA,NA,NA,125.2744081,NA,NA,NA,NA,NA,NA,NA,NA,NA,NA,NA
2024-06-26,14:00:00,2024-06-26T14:00:00Z,NA,Control,NA,NA,NA,NA,NA,NA,NA,NA,NA,NA,226.4342073,NA,NA,NA,NA,NA,NA,NA,NA,NA,NA,NA
